item_id,category,start_price,start_time,duration_hours,end_time,num_bids,end_price,views,watchlist_count
1000000,motors,35.72,2025-01-01 00:00:00,24,2025-01-02 00:00:00,26,46.64,303,13
1000001,toys,231.84,2025-01-01 06:00:00,120,2025-01-06 06:00:00,20,284.03,244,16
1000002,fashion,68.87,2025-01-01 12:00:00,96,2025-01-05 12:00:00,18,82.05,235,13
1000003,motors,80.4,2025-01-01 18:00:00,72,2025-01-04 18:00:00,25,102.22,289,13
1000004,electronics,317.98,2025-01-02 00:00:00,72,2025-01-05 00:00:00,14,384.37,188,9
1000005,motors,199.5,2025-01-02 06:00:00,168,2025-01-09 06:00:00,20,249.01,254,13
1000006,motors,461.32,2025-01-02 12:00:00,24,2025-01-03 12:00:00,15,544.47,200,7
1000007,fashion,162.98,2025-01-02 18:00:00,120,2025-01-07 18:00:00,22,209.13,258,15
1000008,toys,364.46,2025-01-03 00:00:00,48,2025-01-05 00:00:00,16,424.65,221,9
1000009,fashion,233.24,2025-01-03 06:00:00,24,2025-01-04 06:00:00,16,275.3,205,12
1000010,home,331.68,2025-01-03 12:00:00,96,2025-01-07 12:00:00,17,394.17,209,10
1000011,toys,301.85,2025-01-03 18:00:00,168,2025-01-10 18:00:00,21,389.03,238,12
1000012,home,239.03,2025-01-04 00:00:00,120,2025-01-09 00:00:00,15,288.39,203,9
1000013,home,475.28,2025-01-04 06:00:00,120,2025-01-09 06:00:00,11,551.05,173,9
1000014,fashion,174.64,2025-01-04 12:00:00,120,2025-01-09 12:00:00,23,214.88,266,17
1000015,motors,92.73,2025-01-04 18:00:00,120,2025-01-09 18:00:00,24,116.35,291,17
1000016,home,340.66,2025-01-05 00:00:00,96,2025-01-09 00:00:00,13,402.27,153,11
1000017,fashion,423.77,2025-01-05 06:00:00,24,2025-01-06 06:00:00,16,504.45,203,11
1000018,electronics,24.93,2025-01-05 12:00:00,168,2025-01-12 12:00:00,23,32.51,266,15
1000019,electronics,227.57,2025-01-05 18:00:00,72,2025-01-08 18:00:00,13,271.08,168,12
1000020,electronics,446.78,2025-01-06 00:00:00,96,2025-01-10 00:00:00,12,516.38,196,8
1000021,electronics,376.06,2025-01-06 06:00:00,72,2025-01-09 06:00:00,13,447.5,176,10
1000022,motors,495.94,2025-01-06 12:00:00,48,2025-01-08 12:00:00,16,613.99,199,7
1000023,motors,268.05,2025-01-06 18:00:00,168,2025-01-13 18:00:00,20,331.55,240,15
1000024,motors,331.7,2025-01-07 00:00:00,120,2025-01-12 00:00:00,22,421.72,233,17
1000025,electronics,154.73,2025-01-07 06:00:00,96,2025-01-11 06:00:00,19,195.5,221,12
1000026,electronics,474.03,2025-01-07 12:00:00,72,2025-01-10 12:00:00,9,526.12,152,4
1000027,home,186.34,2025-01-07 18:00:00,120,2025-01-12 18:00:00,17,231.23,205,13
1000028,fashion,370.56,2025-01-08 00:00:00,96,2025-01-12 00:00:00,18,440.15,212,10
1000029,home,204.55,2025-01-08 06:00:00,72,2025-01-11 06:00:00,16,247.89,219,10
1000030,fashion,283.1,2025-01-08 12:00:00,72,2025-01-11 12:00:00,15,343.29,211,12
1000031,electronics,361.29,2025-01-08 18:00:00,48,2025-01-10 18:00:00,14,429.63,192,11
1000032,toys,256.92,2025-01-09 00:00:00,24,2025-01-10 00:00:00,20,318.49,234,12
1000033,home,454.01,2025-01-09 06:00:00,96,2025-01-13 06:00:00,10,521.83,147,8
1000034,electronics,212.55,2025-01-09 12:00:00,168,2025-01-16 12:00:00,14,244.89,176,11
1000035,toys,325.3,2025-01-09 18:00:00,24,2025-01-10 18:00:00,20,395.97,228,12
1000036,motors,174.47,2025-01-10 00:00:00,168,2025-01-17 00:00:00,22,216.62,245,11
1000037,electronics,207.04,2025-01-10 06:00:00,120,2025-01-15 06:00:00,15,248.0,187,10
1000038,fashion,222.82,2025-01-10 12:00:00,48,2025-01-12 12:00:00,21,277.49,236,14
1000039,motors,67.27,2025-01-10 18:00:00,96,2025-01-14 18:00:00,27,86.75,284,15
1000040,toys,50.4,2025-01-11 00:00:00,24,2025-01-12 00:00:00,22,65.05,260,10
1000041,motors,335.41,2025-01-11 06:00:00,120,2025-01-16 06:00:00,19,409.17,233,14
1000042,fashion,329.48,2025-01-11 12:00:00,120,2025-01-16 12:00:00,19,403.84,251,7
1000043,home,333.14,2025-01-11 18:00:00,72,2025-01-14 18:00:00,15,394.03,186,10
1000044,toys,14.78,2025-01-12 00:00:00,24,2025-01-13 00:00:00,25,18.69,288,13
1000045,electronics,166.64,2025-01-12 06:00:00,168,2025-01-19 06:00:00,18,206.39,225,12
1000046,home,102.92,2025-01-12 12:00:00,72,2025-01-15 12:00:00,21,128.23,245,14
1000047,toys,390.18,2025-01-12 18:00:00,168,2025-01-19 18:00:00,16,453.12,212,13
1000048,toys,431.01,2025-01-13 00:00:00,120,2025-01-18 00:00:00,16,533.21,213,10
1000049,electronics,127.11,2025-01-13 06:00:00,120,2025-01-18 06:00:00,19,159.56,234,13
1000050,fashion,335.59,2025-01-13 12:00:00,120,2025-01-18 12:00:00,18,415.42,218,12
1000051,home,69.03,2025-01-13 18:00:00,48,2025-01-15 18:00:00,18,86.25,217,8
1000052,fashion,141.2,2025-01-14 00:00:00,72,2025-01-17 00:00:00,21,181.1,232,17
1000053,motors,73.63,2025-01-14 06:00:00,72,2025-01-17 06:00:00,27,95.5,293,12
1000054,electronics,145.34,2025-01-14 12:00:00,72,2025-01-17 12:00:00,16,175.7,196,12
1000055,motors,338.99,2025-01-14 18:00:00,24,2025-01-15 18:00:00,17,413.13,199,12
1000056,fashion,455.61,2025-01-15 00:00:00,96,2025-01-19 00:00:00,18,547.36,227,12
1000057,toys,105.25,2025-01-15 06:00:00,24,2025-01-16 06:00:00,23,131.33,281,13
1000058,fashion,273.33,2025-01-15 12:00:00,120,2025-01-20 12:00:00,16,319.55,193,13
1000059,home,352.19,2025-01-15 18:00:00,120,2025-01-20 18:00:00,17,430.64,216,8
1000060,toys,476.7,2025-01-16 00:00:00,168,2025-01-23 00:00:00,16,582.75,191,11
1000061,toys,306.98,2025-01-16 06:00:00,120,2025-01-21 06:00:00,16,374.78,200,10
1000062,electronics,131.28,2025-01-16 12:00:00,72,2025-01-19 12:00:00,16,155.61,195,10
1000063,toys,314.61,2025-01-16 18:00:00,168,2025-01-23 18:00:00,21,385.84,256,14
1000064,toys,163.64,2025-01-17 00:00:00,72,2025-01-20 00:00:00,21,203.94,240,15
1000065,home,488.18,2025-01-17 06:00:00,48,2025-01-19 06:00:00,10,558.35,162,8
1000066,motors,202.84,2025-01-17 12:00:00,168,2025-01-24 12:00:00,22,262.38,255,15
1000067,toys,344.29,2025-01-17 18:00:00,72,2025-01-20 18:00:00,20,437.24,232,13
1000068,home,16.5,2025-01-18 00:00:00,24,2025-01-19 00:00:00,19,20.84,215,10
1000069,electronics,203.03,2025-01-18 06:00:00,72,2025-01-21 06:00:00,15,247.29,198,10
1000070,toys,438.18,2025-01-18 12:00:00,120,2025-01-23 12:00:00,17,546.48,223,11
1000071,home,307.06,2025-01-18 18:00:00,48,2025-01-20 18:00:00,17,370.7,216,10
1000072,toys,224.75,2025-01-19 00:00:00,72,2025-01-22 00:00:00,16,261.56,230,12
1000073,fashion,468.29,2025-01-19 06:00:00,24,2025-01-20 06:00:00,15,541.66,212,11
1000074,fashion,427.72,2025-01-19 12:00:00,120,2025-01-24 12:00:00,16,509.51,200,8
1000075,electronics,164.5,2025-01-19 18:00:00,72,2025-01-22 18:00:00,17,195.86,209,8
1000076,toys,274.55,2025-01-20 00:00:00,48,2025-01-22 00:00:00,19,330.45,236,13
1000077,electronics,247.46,2025-01-20 06:00:00,48,2025-01-22 06:00:00,18,310.87,211,10
1000078,fashion,317.94,2025-01-20 12:00:00,96,2025-01-24 12:00:00,16,373.78,217,12
1000079,motors,170.39,2025-01-20 18:00:00,120,2025-01-25 18:00:00,21,219.25,253,14
1000080,motors,125.88,2025-01-21 00:00:00,168,2025-01-28 00:00:00,26,166.27,297,12
1000081,motors,456.77,2025-01-21 06:00:00,72,2025-01-24 06:00:00,18,562.41,230,9
1000082,motors,462.32,2025-01-21 12:00:00,24,2025-01-22 12:00:00,16,561.29,224,14
1000083,fashion,422.44,2025-01-21 18:00:00,120,2025-01-26 18:00:00,12,484.34,170,10
1000084,home,489.21,2025-01-22 00:00:00,96,2025-01-26 00:00:00,14,583.0,184,10
1000085,motors,373.77,2025-01-22 06:00:00,120,2025-01-27 06:00:00,19,450.37,249,10
1000086,motors,383.51,2025-01-22 12:00:00,24,2025-01-23 12:00:00,17,477.48,224,10
1000087,motors,382.48,2025-01-22 18:00:00,48,2025-01-24 18:00:00,21,472.04,245,10
1000088,toys,242.9,2025-01-23 00:00:00,120,2025-01-28 00:00:00,20,296.44,240,14
1000089,electronics,230.94,2025-01-23 06:00:00,120,2025-01-28 06:00:00,12,271.79,170,8
1000090,fashion,123.91,2025-01-23 12:00:00,72,2025-01-26 12:00:00,19,153.96,235,14
1000091,fashion,324.19,2025-01-23 18:00:00,120,2025-01-28 18:00:00,19,397.49,214,11
1000092,motors,148.21,2025-01-24 00:00:00,168,2025-01-31 00:00:00,23,189.8,248,11
1000093,home,132.62,2025-01-24 06:00:00,72,2025-01-27 06:00:00,17,156.86,202,11
1000094,home,295.05,2025-01-24 12:00:00,168,2025-01-31 12:00:00,16,358.15,192,6
1000095,electronics,207.94,2025-01-24 18:00:00,48,2025-01-26 18:00:00,19,251.95,223,12
1000096,motors,113.33,2025-01-25 00:00:00,48,2025-01-27 00:00:00,20,138.47,247,12
1000097,toys,408.95,2025-01-25 06:00:00,120,2025-01-30 06:00:00,17,483.78,210,13
1000098,electronics,430.98,2025-01-25 12:00:00,96,2025-01-29 12:00:00,17,515.71,215,8
1000099,fashion,88.01,2025-01-25 18:00:00,24,2025-01-26 18:00:00,22,109.7,243,16
1000100,fashion,8.72,2025-01-26 00:00:00,120,2025-01-31 00:00:00,22,10.96,252,15
1000101,fashion,171.38,2025-01-26 06:00:00,48,2025-01-28 06:00:00,21,209.98,256,15
1000102,motors,399.77,2025-01-26 12:00:00,120,2025-01-31 12:00:00,18,477.9,229,12
1000103,electronics,420.39,2025-01-26 18:00:00,24,2025-01-27 18:00:00,10,480.65,141,11
1000104,home,73.47,2025-01-27 00:00:00,120,2025-02-01 00:00:00,19,88.19,232,9
1000105,electronics,388.3,2025-01-27 06:00:00,120,2025-02-01 06:00:00,13,460.18,203,11
1000106,home,62.27,2025-01-27 12:00:00,120,2025-02-01 12:00:00,22,80.67,257,12
1000107,motors,198.08,2025-01-27 18:00:00,96,2025-01-31 18:00:00,20,244.46,231,9
1000108,motors,499.31,2025-01-28 00:00:00,72,2025-01-31 00:00:00,18,625.18,219,10
1000109,electronics,100.33,2025-01-28 06:00:00,120,2025-02-02 06:00:00,19,120.18,232,12
1000110,toys,81.21,2025-01-28 12:00:00,48,2025-01-30 12:00:00,21,98.54,247,11
1000111,home,214.29,2025-01-28 18:00:00,120,2025-02-02 18:00:00,17,263.09,212,12
1000112,electronics,311.74,2025-01-29 00:00:00,96,2025-02-02 00:00:00,16,380.6,186,7
1000113,home,466.79,2025-01-29 06:00:00,72,2025-02-01 06:00:00,13,558.96,165,6
1000114,electronics,490.51,2025-01-29 12:00:00,96,2025-02-02 12:00:00,8,531.98,130,11
1000115,fashion,39.47,2025-01-29 18:00:00,96,2025-02-02 18:00:00,23,51.0,265,15
1000116,motors,73.31,2025-01-30 00:00:00,24,2025-01-31 00:00:00,24,93.11,269,12
1000117,fashion,396.42,2025-01-30 06:00:00,24,2025-01-31 06:00:00,11,449.65,156,9
1000118,toys,138.96,2025-01-30 12:00:00,48,2025-02-01 12:00:00,21,170.07,249,15
1000119,fashion,443.0,2025-01-30 18:00:00,24,2025-01-31 18:00:00,16,549.18,214,12
1000120,electronics,333.41,2025-01-31 00:00:00,72,2025-02-03 00:00:00,11,371.78,157,10
1000121,electronics,60.36,2025-01-31 06:00:00,120,2025-02-05 06:00:00,17,74.61,217,14
1000122,home,417.1,2025-01-31 12:00:00,96,2025-02-04 12:00:00,14,496.83,179,9
1000123,home,92.3,2025-01-31 18:00:00,72,2025-02-03 18:00:00,20,116.19,246,13
1000124,motors,214.63,2025-02-01 00:00:00,168,2025-02-08 00:00:00,19,267.63,235,12
1000125,motors,278.33,2025-02-01 06:00:00,96,2025-02-05 06:00:00,20,353.11,250,12
1000126,motors,252.88,2025-02-01 12:00:00,24,2025-02-02 12:00:00,23,314.76,275,13
1000127,toys,344.65,2025-02-01 18:00:00,120,2025-02-06 18:00:00,17,403.26,220,12
1000128,fashion,328.08,2025-02-02 00:00:00,96,2025-02-06 00:00:00,15,393.0,193,11
1000129,toys,496.06,2025-02-02 06:00:00,96,2025-02-06 06:00:00,17,594.43,215,9
1000130,fashion,499.71,2025-02-02 12:00:00,96,2025-02-06 12:00:00,16,584.61,216,13
1000131,toys,260.65,2025-02-02 18:00:00,96,2025-02-06 18:00:00,18,311.45,214,10
1000132,toys,52.12,2025-02-03 00:00:00,24,2025-02-04 00:00:00,23,65.49,259,13
1000133,toys,365.28,2025-02-03 06:00:00,96,2025-02-07 06:00:00,19,436.74,233,12
1000134,toys,488.45,2025-02-03 12:00:00,120,2025-02-08 12:00:00,15,563.94,199,11
1000135,electronics,162.57,2025-02-03 18:00:00,48,2025-02-05 18:00:00,15,198.87,185,7
1000136,toys,233.3,2025-02-04 00:00:00,96,2025-02-08 00:00:00,22,290.45,257,15
1000137,home,215.26,2025-02-04 06:00:00,24,2025-02-05 06:00:00,19,273.07,229,11
1000138,toys,30.45,2025-02-04 12:00:00,72,2025-02-07 12:00:00,23,39.8,240,16
1000139,fashion,337.77,2025-02-04 18:00:00,72,2025-02-07 18:00:00,15,392.29,192,10
1000140,motors,179.9,2025-02-05 00:00:00,168,2025-02-12 00:00:00,25,235.16,283,14
1000141,home,394.79,2025-02-05 06:00:00,48,2025-02-07 06:00:00,14,469.04,184,14
1000142,motors,416.9,2025-02-05 12:00:00,48,2025-02-07 12:00:00,15,502.47,211,10
1000143,motors,411.51,2025-02-05 18:00:00,72,2025-02-08 18:00:00,16,480.52,189,14
1000144,home,211.25,2025-02-06 00:00:00,168,2025-02-13 00:00:00,20,256.69,230,13
1000145,fashion,164.17,2025-02-06 06:00:00,168,2025-02-13 06:00:00,18,194.73,190,13
1000146,fashion,375.67,2025-02-06 12:00:00,24,2025-02-07 12:00:00,13,442.66,171,10
1000147,toys,401.69,2025-02-06 18:00:00,48,2025-02-08 18:00:00,18,505.7,217,13
1000148,toys,248.17,2025-02-07 00:00:00,120,2025-02-12 00:00:00,19,308.66,224,11
1000149,motors,447.05,2025-02-07 06:00:00,24,2025-02-08 06:00:00,15,539.53,208,9
1000150,home,76.23,2025-02-07 12:00:00,168,2025-02-14 12:00:00,21,98.24,259,12
1000151,fashion,440.14,2025-02-07 18:00:00,48,2025-02-09 18:00:00,18,543.24,222,12
1000152,fashion,52.57,2025-02-08 00:00:00,168,2025-02-15 00:00:00,19,62.73,226,12
1000153,motors,81.0,2025-02-08 06:00:00,48,2025-02-10 06:00:00,23,105.25,279,15
1000154,home,269.25,2025-02-08 12:00:00,72,2025-02-11 12:00:00,19,328.26,230,15
1000155,fashion,38.42,2025-02-08 18:00:00,96,2025-02-12 18:00:00,23,47.27,257,12
1000156,electronics,31.14,2025-02-09 00:00:00,24,2025-02-10 00:00:00,19,38.32,210,11
1000157,motors,5.26,2025-02-09 06:00:00,96,2025-02-13 06:00:00,28,7.13,306,12
1000158,home,220.98,2025-02-09 12:00:00,96,2025-02-13 12:00:00,19,267.52,240,16
1000159,home,388.44,2025-02-09 18:00:00,120,2025-02-14 18:00:00,13,454.21,204,11
1000160,fashion,22.24,2025-02-10 00:00:00,168,2025-02-17 00:00:00,22,27.44,258,14
1000161,fashion,327.87,2025-02-10 06:00:00,96,2025-02-14 06:00:00,19,391.68,221,9
1000162,motors,412.45,2025-02-10 12:00:00,72,2025-02-13 12:00:00,18,489.35,207,12
1000163,fashion,88.16,2025-02-10 18:00:00,72,2025-02-13 18:00:00,19,110.04,237,13
1000164,fashion,77.7,2025-02-11 00:00:00,72,2025-02-14 00:00:00,24,101.72,254,13
1000165,electronics,431.1,2025-02-11 06:00:00,120,2025-02-16 06:00:00,14,496.4,192,13
1000166,electronics,412.45,2025-02-11 12:00:00,48,2025-02-13 12:00:00,10,463.21,159,14
1000167,home,271.78,2025-02-11 18:00:00,48,2025-02-13 18:00:00,14,314.07,191,9
1000168,motors,410.5,2025-02-12 00:00:00,72,2025-02-15 00:00:00,20,493.48,237,10
1000169,motors,50.91,2025-02-12 06:00:00,24,2025-02-13 06:00:00,24,65.38,282,12
1000170,toys,200.27,2025-02-12 12:00:00,24,2025-02-13 12:00:00,19,249.54,233,15
1000171,toys,370.21,2025-02-12 18:00:00,24,2025-02-13 18:00:00,20,463.44,230,15
1000172,home,132.44,2025-02-13 00:00:00,120,2025-02-18 00:00:00,20,163.04,262,12
1000173,electronics,377.4,2025-02-13 06:00:00,120,2025-02-18 06:00:00,11,435.67,154,9
1000174,electronics,254.57,2025-02-13 12:00:00,120,2025-02-18 12:00:00,15,294.67,204,9
1000175,home,376.38,2025-02-13 18:00:00,72,2025-02-16 18:00:00,16,441.25,174,13
1000176,home,235.02,2025-02-14 00:00:00,120,2025-02-19 00:00:00,18,294.84,237,11
1000177,electronics,187.11,2025-02-14 06:00:00,24,2025-02-15 06:00:00,14,224.7,203,10
1000178,home,113.5,2025-02-14 12:00:00,168,2025-02-21 12:00:00,21,145.71,249,14
1000179,electronics,108.15,2025-02-14 18:00:00,96,2025-02-18 18:00:00,19,136.63,237,12
1000180,toys,376.99,2025-02-15 00:00:00,168,2025-02-22 00:00:00,15,453.12,201,10
1000181,motors,63.86,2025-02-15 06:00:00,24,2025-02-16 06:00:00,24,83.93,268,14
1000182,toys,47.56,2025-02-15 12:00:00,72,2025-02-18 12:00:00,27,61.99,309,17
1000183,fashion,92.26,2025-02-15 18:00:00,120,2025-02-20 18:00:00,22,112.58,248,16
1000184,fashion,91.8,2025-02-16 00:00:00,72,2025-02-19 00:00:00,21,111.54,241,14
1000185,home,412.44,2025-02-16 06:00:00,72,2025-02-19 06:00:00,15,477.92,208,12
1000186,electronics,202.26,2025-02-16 12:00:00,24,2025-02-17 12:00:00,18,240.21,233,11
1000187,fashion,495.24,2025-02-16 18:00:00,72,2025-02-19 18:00:00,15,583.46,186,9
1000188,fashion,72.92,2025-02-17 00:00:00,48,2025-02-19 00:00:00,22,93.05,249,15
1000189,electronics,328.5,2025-02-17 06:00:00,48,2025-02-19 06:00:00,15,398.55,187,11
1000190,fashion,227.12,2025-02-17 12:00:00,120,2025-02-22 12:00:00,18,278.73,230,9
1000191,home,199.49,2025-02-17 18:00:00,96,2025-02-21 18:00:00,15,231.75,183,10
1000192,electronics,438.17,2025-02-18 00:00:00,96,2025-02-22 00:00:00,14,525.73,190,10
1000193,toys,487.92,2025-02-18 06:00:00,72,2025-02-21 06:00:00,16,579.84,212,10
1000194,fashion,437.07,2025-02-18 12:00:00,168,2025-02-25 12:00:00,13,494.34,175,13
1000195,toys,100.19,2025-02-18 18:00:00,24,2025-02-19 18:00:00,21,123.48,261,14
1000196,toys,114.29,2025-02-19 00:00:00,72,2025-02-22 00:00:00,25,145.89,281,17
1000197,motors,329.76,2025-02-19 06:00:00,24,2025-02-20 06:00:00,18,396.35,219,12
1000198,motors,148.1,2025-02-19 12:00:00,72,2025-02-22 12:00:00,20,187.34,228,13
1000199,toys,368.69,2025-02-19 18:00:00,168,2025-02-26 18:00:00,18,457.47,234,10
1000200,motors,285.38,2025-02-20 00:00:00,72,2025-02-23 00:00:00,22,364.04,248,13
1000201,fashion,277.7,2025-02-20 06:00:00,168,2025-02-27 06:00:00,16,325.22,208,11
1000202,motors,415.13,2025-02-20 12:00:00,72,2025-02-23 12:00:00,16,508.38,203,8
1000203,toys,356.71,2025-02-20 18:00:00,120,2025-02-25 18:00:00,20,447.38,227,11
1000204,toys,18.16,2025-02-21 00:00:00,72,2025-02-24 00:00:00,23,22.62,259,13
1000205,motors,29.48,2025-02-21 06:00:00,48,2025-02-23 06:00:00,23,37.79,283,14
1000206,fashion,302.77,2025-02-21 12:00:00,120,2025-02-26 12:00:00,17,365.95,215,12
1000207,toys,245.67,2025-02-21 18:00:00,168,2025-02-28 18:00:00,23,310.81,254,12
1000208,home,133.79,2025-02-22 00:00:00,48,2025-02-24 00:00:00,18,159.07,225,13
1000209,motors,212.23,2025-02-22 06:00:00,120,2025-02-27 06:00:00,22,267.72,256,13
1000210,toys,380.17,2025-02-22 12:00:00,48,2025-02-24 12:00:00,20,459.24,281,7
1000211,toys,414.17,2025-02-22 18:00:00,120,2025-02-27 18:00:00,20,502.45,243,12
1000212,fashion,282.81,2025-02-23 00:00:00,120,2025-02-28 00:00:00,14,325.4,181,13
1000213,motors,195.76,2025-02-23 06:00:00,72,2025-02-26 06:00:00,23,255.73,284,10
1000214,electronics,138.99,2025-02-23 12:00:00,120,2025-02-28 12:00:00,19,168.57,208,12
1000215,electronics,263.35,2025-02-23 18:00:00,48,2025-02-25 18:00:00,13,305.07,178,13
1000216,fashion,160.8,2025-02-24 00:00:00,24,2025-02-25 00:00:00,19,195.5,254,11
1000217,toys,284.23,2025-02-24 06:00:00,24,2025-02-25 06:00:00,21,364.34,247,13
1000218,motors,339.94,2025-02-24 12:00:00,72,2025-02-27 12:00:00,18,416.44,201,9
1000219,fashion,37.71,2025-02-24 18:00:00,168,2025-03-03 18:00:00,21,48.4,244,16
1000220,toys,5.53,2025-02-25 00:00:00,24,2025-02-26 00:00:00,26,7.1,311,14
1000221,fashion,110.08,2025-02-25 06:00:00,72,2025-02-28 06:00:00,23,136.41,271,14
1000222,motors,447.78,2025-02-25 12:00:00,120,2025-03-02 12:00:00,16,539.35,193,14
1000223,toys,324.91,2025-02-25 18:00:00,48,2025-02-27 18:00:00,17,389.13,204,13
1000224,fashion,90.12,2025-02-26 00:00:00,120,2025-03-03 00:00:00,23,116.63,260,12
1000225,motors,445.68,2025-02-26 06:00:00,48,2025-02-28 06:00:00,19,561.71,235,11
1000226,electronics,237.63,2025-02-26 12:00:00,120,2025-03-03 12:00:00,14,279.88,202,11
1000227,motors,240.67,2025-02-26 18:00:00,96,2025-03-02 18:00:00,20,307.51,252,11
1000228,electronics,468.09,2025-02-27 00:00:00,96,2025-03-03 00:00:00,11,540.29,164,5
1000229,home,34.45,2025-02-27 06:00:00,48,2025-03-01 06:00:00,17,41.05,197,11
1000230,motors,111.51,2025-02-27 12:00:00,72,2025-03-02 12:00:00,23,141.52,251,11
1000231,toys,294.96,2025-02-27 18:00:00,168,2025-03-06 18:00:00,21,357.78,255,16
1000232,motors,101.77,2025-02-28 00:00:00,24,2025-03-01 00:00:00,23,131.72,250,14
1000233,toys,341.37,2025-02-28 06:00:00,120,2025-03-05 06:00:00,18,405.59,219,10
1000234,toys,110.98,2025-02-28 12:00:00,72,2025-03-03 12:00:00,24,140.36,279,13
1000235,home,54.08,2025-02-28 18:00:00,120,2025-03-05 18:00:00,23,68.96,253,10
1000236,electronics,107.46,2025-03-01 00:00:00,96,2025-03-05 00:00:00,15,123.95,182,9
1000237,electronics,214.25,2025-03-01 06:00:00,72,2025-03-04 06:00:00,15,247.75,193,13
1000238,home,92.19,2025-03-01 12:00:00,48,2025-03-03 12:00:00,22,117.61,264,18
1000239,electronics,71.67,2025-03-01 18:00:00,96,2025-03-05 18:00:00,20,86.42,252,14
1000240,fashion,430.84,2025-03-02 00:00:00,24,2025-03-03 00:00:00,11,494.68,166,9
1000241,toys,163.6,2025-03-02 06:00:00,96,2025-03-06 06:00:00,23,205.66,267,13
1000242,motors,183.58,2025-03-02 12:00:00,24,2025-03-03 12:00:00,24,230.99,267,12
1000243,fashion,32.36,2025-03-02 18:00:00,96,2025-03-06 18:00:00,21,39.64,236,17
1000244,motors,181.9,2025-03-03 00:00:00,96,2025-03-07 00:00:00,22,233.03,251,13
1000245,motors,136.08,2025-03-03 06:00:00,24,2025-03-04 06:00:00,25,180.46,289,18
1000246,motors,307.19,2025-03-03 12:00:00,120,2025-03-08 12:00:00,20,372.07,244,15
1000247,fashion,106.67,2025-03-03 18:00:00,72,2025-03-06 18:00:00,19,135.13,205,9
1000248,home,444.74,2025-03-04 00:00:00,120,2025-03-09 00:00:00,15,532.61,185,9
1000249,motors,465.18,2025-03-04 06:00:00,24,2025-03-05 06:00:00,19,577.44,245,11
1000250,home,54.42,2025-03-04 12:00:00,48,2025-03-06 12:00:00,19,67.85,231,12
1000251,fashion,58.16,2025-03-04 18:00:00,72,2025-03-07 18:00:00,20,73.07,222,12
1000252,electronics,62.09,2025-03-05 00:00:00,48,2025-03-07 00:00:00,22,79.82,286,19
1000253,toys,311.69,2025-03-05 06:00:00,48,2025-03-07 06:00:00,18,379.85,221,10
1000254,toys,65.37,2025-03-05 12:00:00,96,2025-03-09 12:00:00,21,81.89,253,13
1000255,electronics,426.93,2025-03-05 18:00:00,24,2025-03-06 18:00:00,13,493.49,181,11
1000256,home,378.36,2025-03-06 00:00:00,120,2025-03-11 00:00:00,16,442.08,199,11
1000257,fashion,410.81,2025-03-06 06:00:00,24,2025-03-07 06:00:00,14,490.17,177,11
1000258,fashion,265.4,2025-03-06 12:00:00,48,2025-03-08 12:00:00,19,316.54,256,10
1000259,motors,498.36,2025-03-06 18:00:00,96,2025-03-10 18:00:00,17,594.07,225,12
1000260,home,26.87,2025-03-07 00:00:00,120,2025-03-12 00:00:00,20,32.45,249,14
1000261,motors,203.63,2025-03-07 06:00:00,48,2025-03-09 06:00:00,20,247.46,246,13
1000262,fashion,165.35,2025-03-07 12:00:00,48,2025-03-09 12:00:00,21,208.52,236,14
1000263,motors,474.58,2025-03-07 18:00:00,168,2025-03-14 18:00:00,18,583.87,237,15
1000264,home,290.55,2025-03-08 00:00:00,168,2025-03-15 00:00:00,12,335.2,157,12
1000265,electronics,404.06,2025-03-08 06:00:00,96,2025-03-12 06:00:00,12,455.46,171,10
1000266,electronics,89.32,2025-03-08 12:00:00,72,2025-03-11 12:00:00,20,110.28,220,10
1000267,home,489.42,2025-03-08 18:00:00,72,2025-03-11 18:00:00,13,566.86,152,9
1000268,motors,251.83,2025-03-09 00:00:00,96,2025-03-13 00:00:00,18,311.67,225,11
1000269,electronics,249.37,2025-03-09 06:00:00,96,2025-03-13 06:00:00,16,300.82,194,12
1000270,home,485.59,2025-03-09 12:00:00,48,2025-03-11 12:00:00,14,572.67,162,9
1000271,electronics,193.46,2025-03-09 18:00:00,24,2025-03-10 18:00:00,15,230.02,201,9
1000272,motors,201.77,2025-03-10 00:00:00,24,2025-03-11 00:00:00,23,263.77,292,11
1000273,toys,294.45,2025-03-10 06:00:00,168,2025-03-17 06:00:00,23,379.99,283,10
1000274,toys,68.39,2025-03-10 12:00:00,72,2025-03-13 12:00:00,24,87.52,272,13
1000275,toys,163.94,2025-03-10 18:00:00,72,2025-03-13 18:00:00,20,203.01,240,10
1000276,toys,100.64,2025-03-11 00:00:00,72,2025-03-14 00:00:00,23,124.0,277,12
1000277,toys,56.13,2025-03-11 06:00:00,120,2025-03-16 06:00:00,24,73.83,289,13
1000278,electronics,433.74,2025-03-11 12:00:00,24,2025-03-12 12:00:00,12,496.86,163,7
1000279,motors,296.72,2025-03-11 18:00:00,24,2025-03-12 18:00:00,18,356.2,222,13
1000280,toys,182.54,2025-03-12 00:00:00,48,2025-03-14 00:00:00,22,237.29,261,15
1000281,toys,207.29,2025-03-12 06:00:00,72,2025-03-15 06:00:00,20,260.67,246,11
1000282,home,218.6,2025-03-12 12:00:00,120,2025-03-17 12:00:00,15,252.22,193,10
1000283,motors,318.41,2025-03-12 18:00:00,72,2025-03-15 18:00:00,19,380.48,229,13
1000284,home,463.75,2025-03-13 00:00:00,72,2025-03-16 00:00:00,13,524.98,193,9
1000285,electronics,466.73,2025-03-13 06:00:00,168,2025-03-20 06:00:00,10,535.79,164,7
1000286,motors,198.79,2025-03-13 12:00:00,24,2025-03-14 12:00:00,20,239.69,245,15
1000287,home,167.98,2025-03-13 18:00:00,96,2025-03-17 18:00:00,19,212.44,251,14
1000288,electronics,228.27,2025-03-14 00:00:00,96,2025-03-18 00:00:00,16,281.9,199,12
1000289,toys,286.13,2025-03-14 06:00:00,72,2025-03-17 06:00:00,17,347.27,232,13
1000290,home,233.6,2025-03-14 12:00:00,120,2025-03-19 12:00:00,17,284.84,219,7
1000291,motors,331.08,2025-03-14 18:00:00,48,2025-03-16 18:00:00,20,405.03,279,15
1000292,fashion,279.43,2025-03-15 00:00:00,168,2025-03-22 00:00:00,15,322.77,180,12
1000293,electronics,163.75,2025-03-15 06:00:00,48,2025-03-17 06:00:00,17,201.25,204,13
1000294,motors,176.14,2025-03-15 12:00:00,96,2025-03-19 12:00:00,26,223.37,299,15
1000295,fashion,192.4,2025-03-15 18:00:00,96,2025-03-19 18:00:00,19,230.27,235,12
1000296,home,51.85,2025-03-16 00:00:00,168,2025-03-23 00:00:00,19,62.99,254,12
1000297,toys,87.2,2025-03-16 06:00:00,72,2025-03-19 06:00:00,25,109.09,276,15
1000298,fashion,362.94,2025-03-16 12:00:00,48,2025-03-18 12:00:00,15,429.98,205,10
1000299,electronics,197.6,2025-03-16 18:00:00,24,2025-03-17 18:00:00,16,240.4,217,13
1000300,toys,111.2,2025-03-17 00:00:00,72,2025-03-20 00:00:00,21,141.68,257,10
1000301,fashion,283.52,2025-03-17 06:00:00,120,2025-03-22 06:00:00,20,353.93,228,11
1000302,toys,378.99,2025-03-17 12:00:00,24,2025-03-18 12:00:00,17,469.09,229,16
1000303,motors,132.42,2025-03-17 18:00:00,168,2025-03-24 18:00:00,22,165.86,272,12
1000304,toys,414.26,2025-03-18 00:00:00,96,2025-03-22 00:00:00,19,521.1,238,12
1000305,toys,464.11,2025-03-18 06:00:00,24,2025-03-19 06:00:00,14,547.89,188,9
1000306,home,300.71,2025-03-18 12:00:00,48,2025-03-20 12:00:00,13,345.17,179,11
1000307,home,336.13,2025-03-18 18:00:00,96,2025-03-22 18:00:00,14,408.58,185,9
1000308,fashion,31.03,2025-03-19 00:00:00,48,2025-03-21 00:00:00,25,39.47,292,14
1000309,motors,473.03,2025-03-19 06:00:00,24,2025-03-20 06:00:00,17,554.44,213,13
1000310,fashion,199.28,2025-03-19 12:00:00,96,2025-03-23 12:00:00,18,239.02,211,10
1000311,home,462.33,2025-03-19 18:00:00,120,2025-03-24 18:00:00,14,540.62,173,12
1000312,toys,291.59,2025-03-20 00:00:00,24,2025-03-21 00:00:00,20,358.1,230,14
1000313,motors,7.29,2025-03-20 06:00:00,48,2025-03-22 06:00:00,22,9.2,260,15
1000314,motors,24.08,2025-03-20 12:00:00,48,2025-03-22 12:00:00,24,31.56,275,14
1000315,home,341.81,2025-03-20 18:00:00,96,2025-03-24 18:00:00,17,407.91,215,18
1000316,toys,283.52,2025-03-21 00:00:00,120,2025-03-26 00:00:00,17,343.53,219,14
1000317,fashion,18.13,2025-03-21 06:00:00,120,2025-03-26 06:00:00,21,22.43,241,13
1000318,fashion,373.01,2025-03-21 12:00:00,168,2025-03-28 12:00:00,18,464.67,239,10
1000319,home,426.81,2025-03-21 18:00:00,120,2025-03-26 18:00:00,15,496.21,191,11
1000320,electronics,250.73,2025-03-22 00:00:00,48,2025-03-24 00:00:00,10,277.88,144,12
1000321,home,235.55,2025-03-22 06:00:00,24,2025-03-23 06:00:00,15,280.36,200,14
1000322,fashion,7.71,2025-03-22 12:00:00,96,2025-03-26 12:00:00,27,10.21,280,18
1000323,motors,394.39,2025-03-22 18:00:00,168,2025-03-29 18:00:00,18,490.48,212,13
1000324,motors,168.7,2025-03-23 00:00:00,168,2025-03-30 00:00:00,19,208.71,242,10
1000325,electronics,439.99,2025-03-23 06:00:00,48,2025-03-25 06:00:00,14,528.83,165,11
1000326,toys,189.66,2025-03-23 12:00:00,48,2025-03-25 12:00:00,23,239.24,280,11
1000327,electronics,284.71,2025-03-23 18:00:00,24,2025-03-24 18:00:00,14,325.32,204,7
1000328,toys,138.82,2025-03-24 00:00:00,24,2025-03-25 00:00:00,22,170.65,253,14
1000329,home,84.49,2025-03-24 06:00:00,96,2025-03-28 06:00:00,23,104.18,270,15
1000330,fashion,388.58,2025-03-24 12:00:00,96,2025-03-28 12:00:00,16,460.98,217,13
1000331,toys,250.81,2025-03-24 18:00:00,72,2025-03-27 18:00:00,18,305.9,216,13
1000332,fashion,270.56,2025-03-25 00:00:00,48,2025-03-27 00:00:00,22,337.8,268,14
1000333,motors,482.88,2025-03-25 06:00:00,120,2025-03-30 06:00:00,19,596.28,222,10
1000334,fashion,481.97,2025-03-25 12:00:00,72,2025-03-28 12:00:00,10,548.7,144,9
1000335,motors,428.54,2025-03-25 18:00:00,120,2025-03-30 18:00:00,17,524.63,203,8
1000336,toys,97.87,2025-03-26 00:00:00,168,2025-04-02 00:00:00,26,128.54,298,11
1000337,home,299.16,2025-03-26 06:00:00,48,2025-03-28 06:00:00,17,357.63,226,13
1000338,toys,439.68,2025-03-26 12:00:00,48,2025-03-28 12:00:00,13,509.02,174,9
1000339,fashion,190.36,2025-03-26 18:00:00,168,2025-04-02 18:00:00,21,239.25,233,15
1000340,fashion,55.05,2025-03-27 00:00:00,96,2025-03-31 00:00:00,24,70.89,263,16
1000341,electronics,406.43,2025-03-27 06:00:00,48,2025-03-29 06:00:00,13,469.5,181,9
1000342,electronics,243.47,2025-03-27 12:00:00,96,2025-03-31 12:00:00,14,283.99,208,12
1000343,fashion,284.37,2025-03-27 18:00:00,96,2025-03-31 18:00:00,19,354.19,235,11
1000344,electronics,491.16,2025-03-28 00:00:00,168,2025-04-04 00:00:00,9,560.8,136,5
1000345,motors,305.57,2025-03-28 06:00:00,48,2025-03-30 06:00:00,17,360.82,222,12
1000346,motors,215.36,2025-03-28 12:00:00,168,2025-04-04 12:00:00,22,270.34,255,12
1000347,toys,188.14,2025-03-28 18:00:00,168,2025-04-04 18:00:00,20,239.2,235,12
1000348,toys,211.72,2025-03-29 00:00:00,48,2025-03-31 00:00:00,18,250.44,210,16
1000349,fashion,63.61,2025-03-29 06:00:00,24,2025-03-30 06:00:00,22,81.96,274,10
1000350,electronics,398.4,2025-03-29 12:00:00,96,2025-04-02 12:00:00,14,459.38,155,11
1000351,home,419.67,2025-03-29 18:00:00,24,2025-03-30 18:00:00,16,503.85,213,9
1000352,fashion,145.78,2025-03-30 00:00:00,48,2025-04-01 00:00:00,19,178.43,225,14
1000353,motors,155.38,2025-03-30 06:00:00,72,2025-04-02 06:00:00,26,195.9,289,15
1000354,home,437.8,2025-03-30 12:00:00,168,2025-04-06 12:00:00,15,535.53,215,12
1000355,fashion,16.87,2025-03-30 18:00:00,168,2025-04-06 18:00:00,22,21.2,249,11
1000356,home,262.63,2025-03-31 00:00:00,24,2025-04-01 00:00:00,17,327.33,204,10
1000357,electronics,234.52,2025-03-31 06:00:00,168,2025-04-07 06:00:00,19,284.46,229,14
1000358,electronics,346.61,2025-03-31 12:00:00,24,2025-04-01 12:00:00,14,419.16,190,14
1000359,home,85.88,2025-03-31 18:00:00,120,2025-04-05 18:00:00,18,107.68,216,13
1000360,electronics,335.82,2025-04-01 00:00:00,168,2025-04-08 00:00:00,16,404.51,185,9
1000361,electronics,191.48,2025-04-01 06:00:00,168,2025-04-08 06:00:00,18,229.05,211,12
1000362,home,311.26,2025-04-01 12:00:00,48,2025-04-03 12:00:00,14,371.9,201,15
1000363,home,24.85,2025-04-01 18:00:00,168,2025-04-08 18:00:00,22,31.41,258,13
1000364,fashion,233.55,2025-04-02 00:00:00,24,2025-04-03 00:00:00,20,297.91,245,15
1000365,electronics,263.51,2025-04-02 06:00:00,96,2025-04-06 06:00:00,15,312.3,191,9
1000366,home,111.09,2025-04-02 12:00:00,72,2025-04-05 12:00:00,19,134.58,223,12
1000367,fashion,74.11,2025-04-02 18:00:00,48,2025-04-04 18:00:00,23,91.98,287,15
1000368,motors,98.29,2025-04-03 00:00:00,24,2025-04-04 00:00:00,25,128.36,282,15
1000369,toys,175.35,2025-04-03 06:00:00,120,2025-04-08 06:00:00,17,218.82,207,10
1000370,motors,52.92,2025-04-03 12:00:00,72,2025-04-06 12:00:00,25,66.27,298,13
1000371,home,473.92,2025-04-03 18:00:00,96,2025-04-07 18:00:00,12,558.86,159,12
1000372,fashion,205.47,2025-04-04 00:00:00,72,2025-04-07 00:00:00,20,261.8,232,15
1000373,fashion,405.44,2025-04-04 06:00:00,72,2025-04-07 06:00:00,13,460.57,177,13
1000374,motors,487.34,2025-04-04 12:00:00,168,2025-04-11 12:00:00,18,579.36,222,15
1000375,motors,44.96,2025-04-04 18:00:00,24,2025-04-05 18:00:00,26,59.14,297,15
1000376,motors,327.58,2025-04-05 00:00:00,120,2025-04-10 00:00:00,16,396.97,229,10
1000377,toys,436.35,2025-04-05 06:00:00,120,2025-04-10 06:00:00,16,508.57,208,14
1000378,fashion,318.95,2025-04-05 12:00:00,72,2025-04-08 12:00:00,19,400.84,202,14
1000379,fashion,217.37,2025-04-05 18:00:00,48,2025-04-07 18:00:00,19,267.77,234,10
1000380,motors,218.38,2025-04-06 00:00:00,24,2025-04-07 00:00:00,20,277.91,240,10
1000381,home,22.77,2025-04-06 06:00:00,168,2025-04-13 06:00:00,25,30.06,285,15
1000382,home,269.63,2025-04-06 12:00:00,168,2025-04-13 12:00:00,19,338.39,233,12
1000383,motors,496.8,2025-04-06 18:00:00,48,2025-04-08 18:00:00,16,596.79,203,11
1000384,home,479.56,2025-04-07 00:00:00,24,2025-04-08 00:00:00,13,551.56,176,12
1000385,home,25.0,2025-04-07 06:00:00,24,2025-04-08 06:00:00,25,32.26,292,16
1000386,fashion,354.37,2025-04-07 12:00:00,24,2025-04-08 12:00:00,16,413.93,197,14
1000387,home,154.37,2025-04-07 18:00:00,120,2025-04-12 18:00:00,14,184.12,174,7
1000388,motors,451.98,2025-04-08 00:00:00,168,2025-04-15 00:00:00,18,538.18,258,12
1000389,motors,27.33,2025-04-08 06:00:00,24,2025-04-09 06:00:00,28,36.1,303,17
1000390,home,468.26,2025-04-08 12:00:00,120,2025-04-13 12:00:00,10,517.12,151,6
1000391,fashion,419.55,2025-04-08 18:00:00,48,2025-04-10 18:00:00,13,484.14,159,9
1000392,motors,63.16,2025-04-09 00:00:00,72,2025-04-12 00:00:00,26,80.75,295,13
1000393,toys,34.61,2025-04-09 06:00:00,96,2025-04-13 06:00:00,25,44.98,273,14
1000394,home,418.18,2025-04-09 12:00:00,120,2025-04-14 12:00:00,12,494.68,162,13
1000395,fashion,82.1,2025-04-09 18:00:00,168,2025-04-16 18:00:00,23,101.36,279,18
1000396,toys,269.77,2025-04-10 00:00:00,24,2025-04-11 00:00:00,21,344.77,254,11
1000397,toys,458.29,2025-04-10 06:00:00,48,2025-04-12 06:00:00,13,549.43,183,11
1000398,electronics,285.89,2025-04-10 12:00:00,48,2025-04-12 12:00:00,14,333.74,164,12
1000399,home,201.63,2025-04-10 18:00:00,48,2025-04-12 18:00:00,19,250.57,253,13
1000400,motors,225.28,2025-04-11 00:00:00,168,2025-04-18 00:00:00,18,273.09,207,13
1000401,home,36.24,2025-04-11 06:00:00,120,2025-04-16 06:00:00,19,43.57,249,13
1000402,home,484.53,2025-04-11 12:00:00,48,2025-04-13 12:00:00,13,568.01,189,13
1000403,home,158.77,2025-04-11 18:00:00,168,2025-04-18 18:00:00,22,194.8,264,15
1000404,electronics,98.73,2025-04-12 00:00:00,72,2025-04-15 00:00:00,18,123.44,211,10
1000405,electronics,146.59,2025-04-12 06:00:00,96,2025-04-16 06:00:00,19,185.28,232,14
1000406,home,482.36,2025-04-12 12:00:00,72,2025-04-15 12:00:00,13,576.77,171,12
1000407,motors,51.67,2025-04-12 18:00:00,24,2025-04-13 18:00:00,25,66.91,285,15
1000408,electronics,434.32,2025-04-13 00:00:00,168,2025-04-20 00:00:00,10,497.13,147,11
1000409,home,355.38,2025-04-13 06:00:00,24,2025-04-14 06:00:00,19,450.89,206,13
1000410,electronics,415.86,2025-04-13 12:00:00,48,2025-04-15 12:00:00,15,486.49,208,11
1000411,fashion,488.07,2025-04-13 18:00:00,48,2025-04-15 18:00:00,13,554.48,176,10
1000412,home,421.87,2025-04-14 00:00:00,48,2025-04-16 00:00:00,13,495.68,171,6
1000413,toys,471.97,2025-04-14 06:00:00,24,2025-04-15 06:00:00,16,559.9,197,11
1000414,fashion,67.83,2025-04-14 12:00:00,24,2025-04-15 12:00:00,23,85.18,271,12
1000415,toys,398.92,2025-04-14 18:00:00,120,2025-04-19 18:00:00,13,451.01,166,8
1000416,toys,275.11,2025-04-15 00:00:00,168,2025-04-22 00:00:00,21,346.01,221,16
1000417,fashion,274.03,2025-04-15 06:00:00,24,2025-04-16 06:00:00,19,331.88,235,13
1000418,motors,449.97,2025-04-15 12:00:00,48,2025-04-17 12:00:00,17,533.23,219,11
1000419,fashion,486.04,2025-04-15 18:00:00,96,2025-04-19 18:00:00,12,545.94,165,9
1000420,motors,353.89,2025-04-16 00:00:00,168,2025-04-23 00:00:00,19,431.44,217,13
1000421,motors,244.05,2025-04-16 06:00:00,120,2025-04-21 06:00:00,21,312.46,250,15
1000422,fashion,230.92,2025-04-16 12:00:00,120,2025-04-21 12:00:00,16,274.09,186,9
1000423,toys,196.24,2025-04-16 18:00:00,96,2025-04-20 18:00:00,21,248.11,236,13
1000424,home,183.99,2025-04-17 00:00:00,72,2025-04-20 00:00:00,19,230.08,221,14
1000425,motors,198.8,2025-04-17 06:00:00,48,2025-04-19 06:00:00,20,243.78,250,9
1000426,toys,49.43,2025-04-17 12:00:00,168,2025-04-24 12:00:00,23,64.05,262,13
1000427,motors,43.33,2025-04-17 18:00:00,120,2025-04-22 18:00:00,26,56.99,288,14
1000428,home,391.04,2025-04-18 00:00:00,24,2025-04-19 00:00:00,13,459.37,200,10
1000429,toys,225.81,2025-04-18 06:00:00,120,2025-04-23 06:00:00,19,268.73,235,11
1000430,fashion,465.69,2025-04-18 12:00:00,24,2025-04-19 12:00:00,14,532.19,190,11
1000431,electronics,308.05,2025-04-18 18:00:00,120,2025-04-23 18:00:00,15,378.68,190,15
1000432,electronics,22.41,2025-04-19 00:00:00,120,2025-04-24 00:00:00,18,27.85,214,11
1000433,fashion,82.97,2025-04-19 06:00:00,24,2025-04-20 06:00:00,22,107.45,231,14
1000434,home,106.88,2025-04-19 12:00:00,72,2025-04-22 12:00:00,22,138.11,269,17
1000435,electronics,487.99,2025-04-19 18:00:00,24,2025-04-20 18:00:00,9,532.71,146,8
1000436,fashion,113.26,2025-04-20 00:00:00,96,2025-04-24 00:00:00,20,143.09,237,16
1000437,toys,260.3,2025-04-20 06:00:00,168,2025-04-27 06:00:00,19,319.15,229,12
1000438,home,468.41,2025-04-20 12:00:00,24,2025-04-21 12:00:00,14,563.57,194,14
1000439,motors,488.71,2025-04-20 18:00:00,72,2025-04-23 18:00:00,14,557.39,167,12
1000440,toys,122.0,2025-04-21 00:00:00,168,2025-04-28 00:00:00,21,150.43,241,13
1000441,fashion,29.31,2025-04-21 06:00:00,48,2025-04-23 06:00:00,24,38.11,262,14
1000442,motors,81.03,2025-04-21 12:00:00,24,2025-04-22 12:00:00,24,105.62,297,13
1000443,fashion,36.35,2025-04-21 18:00:00,72,2025-04-24 18:00:00,20,45.42,250,13
1000444,electronics,101.59,2025-04-22 00:00:00,96,2025-04-26 00:00:00,21,125.37,222,15
1000445,electronics,286.44,2025-04-22 06:00:00,96,2025-04-26 06:00:00,16,339.38,185,11
1000446,motors,456.66,2025-04-22 12:00:00,48,2025-04-24 12:00:00,16,565.04,202,10
1000447,motors,270.92,2025-04-22 18:00:00,168,2025-04-29 18:00:00,19,331.91,225,12
1000448,toys,314.86,2025-04-23 00:00:00,96,2025-04-27 00:00:00,20,389.09,224,14
1000449,electronics,104.92,2025-04-23 06:00:00,48,2025-04-25 06:00:00,17,127.39,236,14
1000450,home,401.29,2025-04-23 12:00:00,168,2025-04-30 12:00:00,10,454.57,153,8
1000451,electronics,310.81,2025-04-23 18:00:00,168,2025-04-30 18:00:00,15,371.17,200,9
1000452,electronics,432.75,2025-04-24 00:00:00,72,2025-04-27 00:00:00,12,499.65,159,10
1000453,home,474.68,2025-04-24 06:00:00,24,2025-04-25 06:00:00,8,544.05,140,11
1000454,fashion,177.21,2025-04-24 12:00:00,96,2025-04-28 12:00:00,18,222.0,217,14
1000455,electronics,49.84,2025-04-24 18:00:00,96,2025-04-28 18:00:00,20,63.52,236,10
1000456,motors,116.83,2025-04-25 00:00:00,24,2025-04-26 00:00:00,24,150.14,283,13
1000457,fashion,221.73,2025-04-25 06:00:00,96,2025-04-29 06:00:00,15,262.83,175,9
1000458,home,473.12,2025-04-25 12:00:00,168,2025-05-02 12:00:00,12,556.59,187,9
1000459,fashion,192.26,2025-04-25 18:00:00,24,2025-04-26 18:00:00,22,247.45,260,16
1000460,toys,386.53,2025-04-26 00:00:00,120,2025-05-01 00:00:00,16,465.78,219,8
1000461,home,272.54,2025-04-26 06:00:00,24,2025-04-27 06:00:00,15,328.68,182,8
1000462,electronics,95.49,2025-04-26 12:00:00,120,2025-05-01 12:00:00,20,120.32,228,11
1000463,electronics,163.76,2025-04-26 18:00:00,72,2025-04-29 18:00:00,18,202.1,208,12
1000464,motors,328.33,2025-04-27 00:00:00,24,2025-04-28 00:00:00,15,397.18,198,12
1000465,electronics,338.06,2025-04-27 06:00:00,168,2025-05-04 06:00:00,13,387.65,177,11
1000466,toys,220.21,2025-04-27 12:00:00,24,2025-04-28 12:00:00,22,277.44,252,16
1000467,home,118.18,2025-04-27 18:00:00,96,2025-05-01 18:00:00,20,147.38,227,9
1000468,toys,362.34,2025-04-28 00:00:00,48,2025-04-30 00:00:00,17,424.01,197,14
1000469,electronics,88.59,2025-04-28 06:00:00,168,2025-05-05 06:00:00,21,113.26,248,12
1000470,motors,468.65,2025-04-28 12:00:00,120,2025-05-03 12:00:00,18,575.88,216,13
1000471,toys,98.01,2025-04-28 18:00:00,120,2025-05-03 18:00:00,23,121.56,258,11
1000472,fashion,58.12,2025-04-29 00:00:00,72,2025-05-02 00:00:00,23,75.28,285,14
1000473,home,251.34,2025-04-29 06:00:00,72,2025-05-02 06:00:00,18,311.0,221,12
1000474,motors,262.18,2025-04-29 12:00:00,96,2025-05-03 12:00:00,21,333.14,264,15
1000475,home,256.56,2025-04-29 18:00:00,120,2025-05-04 18:00:00,14,300.52,179,7
1000476,fashion,221.15,2025-04-30 00:00:00,168,2025-05-07 00:00:00,22,284.92,260,13
1000477,home,497.43,2025-04-30 06:00:00,24,2025-05-01 06:00:00,10,563.65,149,7
1000478,home,245.71,2025-04-30 12:00:00,96,2025-05-04 12:00:00,15,293.78,174,12
1000479,fashion,241.58,2025-04-30 18:00:00,24,2025-05-01 18:00:00,19,287.49,248,14
1000480,electronics,213.77,2025-05-01 00:00:00,48,2025-05-03 00:00:00,16,259.0,202,14
1000481,electronics,38.08,2025-05-01 06:00:00,120,2025-05-06 06:00:00,17,46.74,221,10
1000482,home,298.51,2025-05-01 12:00:00,48,2025-05-03 12:00:00,15,356.83,185,13
1000483,electronics,117.84,2025-05-01 18:00:00,120,2025-05-06 18:00:00,21,147.27,247,16
1000484,fashion,320.62,2025-05-02 00:00:00,72,2025-05-05 00:00:00,16,392.69,193,8
1000485,motors,30.16,2025-05-02 06:00:00,48,2025-05-04 06:00:00,23,38.74,281,15
1000486,electronics,490.79,2025-05-02 12:00:00,72,2025-05-05 12:00:00,12,560.6,171,12
1000487,electronics,237.16,2025-05-02 18:00:00,96,2025-05-06 18:00:00,17,295.67,217,11
1000488,electronics,448.89,2025-05-03 00:00:00,120,2025-05-08 00:00:00,10,519.18,166,7
1000489,fashion,240.4,2025-05-03 06:00:00,96,2025-05-07 06:00:00,19,305.08,244,14
1000490,home,34.86,2025-05-03 12:00:00,168,2025-05-10 12:00:00,26,46.63,303,12
1000491,fashion,412.0,2025-05-03 18:00:00,168,2025-05-10 18:00:00,15,504.09,177,10
1000492,electronics,325.85,2025-05-04 00:00:00,120,2025-05-09 00:00:00,12,384.64,159,10
1000493,home,391.97,2025-05-04 06:00:00,96,2025-05-08 06:00:00,16,473.8,191,13
1000494,fashion,216.94,2025-05-04 12:00:00,48,2025-05-06 12:00:00,21,265.49,257,12
1000495,fashion,320.78,2025-05-04 18:00:00,72,2025-05-07 18:00:00,15,382.84,197,9
1000496,fashion,428.83,2025-05-05 00:00:00,24,2025-05-06 00:00:00,14,515.12,169,11
1000497,toys,317.38,2025-05-05 06:00:00,72,2025-05-08 06:00:00,21,397.25,246,15
1000498,fashion,177.1,2025-05-05 12:00:00,168,2025-05-12 12:00:00,19,223.05,213,17
1000499,motors,332.95,2025-05-05 18:00:00,72,2025-05-08 18:00:00,17,392.47,212,8
1000500,fashion,337.57,2025-05-06 00:00:00,24,2025-05-07 00:00:00,18,408.62,202,12
1000501,home,480.49,2025-05-06 06:00:00,96,2025-05-10 06:00:00,15,572.01,201,9
1000502,home,188.6,2025-05-06 12:00:00,168,2025-05-13 12:00:00,16,225.3,208,13
1000503,home,215.42,2025-05-06 18:00:00,168,2025-05-13 18:00:00,14,247.45,208,9
1000504,fashion,407.0,2025-05-07 00:00:00,48,2025-05-09 00:00:00,15,473.05,205,9
1000505,home,255.35,2025-05-07 06:00:00,72,2025-05-10 06:00:00,15,310.76,189,10
1000506,motors,369.6,2025-05-07 12:00:00,96,2025-05-11 12:00:00,15,439.36,204,11
1000507,fashion,232.56,2025-05-07 18:00:00,48,2025-05-09 18:00:00,19,277.65,214,13
1000508,motors,111.67,2025-05-08 00:00:00,48,2025-05-10 00:00:00,24,138.62,264,15
1000509,toys,373.88,2025-05-08 06:00:00,48,2025-05-10 06:00:00,14,440.39,189,10
1000510,home,69.92,2025-05-08 12:00:00,168,2025-05-15 12:00:00,19,84.12,205,9
1000511,home,103.3,2025-05-08 18:00:00,120,2025-05-13 18:00:00,21,130.82,248,14
1000512,toys,315.28,2025-05-09 00:00:00,168,2025-05-16 00:00:00,19,395.24,218,12
1000513,home,374.9,2025-05-09 06:00:00,120,2025-05-14 06:00:00,13,430.48,178,12
1000514,home,447.87,2025-05-09 12:00:00,168,2025-05-16 12:00:00,14,531.79,173,9
1000515,motors,139.93,2025-05-09 18:00:00,24,2025-05-10 18:00:00,25,176.64,290,11
1000516,fashion,59.81,2025-05-10 00:00:00,168,2025-05-17 00:00:00,19,72.63,231,12
1000517,electronics,478.24,2025-05-10 06:00:00,24,2025-05-11 06:00:00,11,564.85,175,12
1000518,fashion,81.44,2025-05-10 12:00:00,72,2025-05-13 12:00:00,24,104.53,276,14
1000519,fashion,102.85,2025-05-10 18:00:00,96,2025-05-14 18:00:00,21,131.74,239,12
1000520,motors,149.21,2025-05-11 00:00:00,72,2025-05-14 00:00:00,21,183.23,246,11
1000521,toys,267.05,2025-05-11 06:00:00,24,2025-05-12 06:00:00,19,324.84,214,16
1000522,electronics,442.0,2025-05-11 12:00:00,48,2025-05-13 12:00:00,13,516.11,181,8
1000523,electronics,381.47,2025-05-11 18:00:00,120,2025-05-16 18:00:00,12,441.9,175,8
1000524,toys,355.54,2025-05-12 00:00:00,48,2025-05-14 00:00:00,17,444.36,242,13
1000525,electronics,91.71,2025-05-12 06:00:00,48,2025-05-14 06:00:00,23,113.64,259,10
1000526,home,182.05,2025-05-12 12:00:00,168,2025-05-19 12:00:00,17,225.41,209,14
1000527,electronics,241.81,2025-05-12 18:00:00,24,2025-05-13 18:00:00,14,292.37,179,12
1000528,electronics,77.98,2025-05-13 00:00:00,168,2025-05-20 00:00:00,21,97.81,251,15
1000529,motors,140.35,2025-05-13 06:00:00,168,2025-05-20 06:00:00,24,177.9,280,15
1000530,electronics,157.62,2025-05-13 12:00:00,96,2025-05-17 12:00:00,15,187.81,194,10
1000531,electronics,68.0,2025-05-13 18:00:00,24,2025-05-14 18:00:00,18,81.83,235,10
1000532,motors,277.37,2025-05-14 00:00:00,24,2025-05-15 00:00:00,23,358.9,259,13
1000533,electronics,353.99,2025-05-14 06:00:00,48,2025-05-16 06:00:00,14,417.66,197,8
1000534,motors,39.62,2025-05-14 12:00:00,96,2025-05-18 12:00:00,23,51.67,273,15
1000535,electronics,243.16,2025-05-14 18:00:00,24,2025-05-15 18:00:00,17,296.61,212,13
1000536,electronics,392.19,2025-05-15 00:00:00,72,2025-05-18 00:00:00,13,459.31,173,13
1000537,electronics,375.26,2025-05-15 06:00:00,24,2025-05-16 06:00:00,12,441.64,197,10
1000538,toys,408.46,2025-05-15 12:00:00,96,2025-05-19 12:00:00,15,486.2,185,13
1000539,toys,226.88,2025-05-15 18:00:00,24,2025-05-16 18:00:00,23,295.48,270,13
1000540,fashion,411.18,2025-05-16 00:00:00,120,2025-05-21 00:00:00,16,483.04,194,10
1000541,home,124.17,2025-05-16 06:00:00,24,2025-05-17 06:00:00,17,154.95,234,12
1000542,electronics,183.6,2025-05-16 12:00:00,48,2025-05-18 12:00:00,15,223.07,205,10
1000543,fashion,92.3,2025-05-16 18:00:00,48,2025-05-18 18:00:00,23,119.88,258,14
1000544,home,236.4,2025-05-17 00:00:00,120,2025-05-22 00:00:00,16,283.36,210,9
1000545,fashion,199.07,2025-05-17 06:00:00,24,2025-05-18 06:00:00,19,250.23,234,10
1000546,toys,124.26,2025-05-17 12:00:00,72,2025-05-20 12:00:00,25,158.37,278,16
1000547,motors,377.13,2025-05-17 18:00:00,96,2025-05-21 18:00:00,20,475.54,249,14
1000548,fashion,160.35,2025-05-18 00:00:00,96,2025-05-22 00:00:00,19,192.62,235,10
1000549,electronics,140.04,2025-05-18 06:00:00,120,2025-05-23 06:00:00,20,171.49,242,14
1000550,home,69.79,2025-05-18 12:00:00,120,2025-05-23 12:00:00,23,88.33,266,12
1000551,motors,222.22,2025-05-18 18:00:00,72,2025-05-21 18:00:00,22,276.84,263,13
1000552,fashion,154.97,2025-05-19 00:00:00,120,2025-05-24 00:00:00,20,190.76,242,15
1000553,toys,187.79,2025-05-19 06:00:00,48,2025-05-21 06:00:00,24,245.18,276,16
1000554,fashion,121.82,2025-05-19 12:00:00,168,2025-05-26 12:00:00,20,148.69,232,14
1000555,electronics,382.76,2025-05-19 18:00:00,96,2025-05-23 18:00:00,10,443.86,170,13
1000556,motors,465.35,2025-05-20 00:00:00,120,2025-05-25 00:00:00,20,561.16,227,11
1000557,toys,251.48,2025-05-20 06:00:00,168,2025-05-27 06:00:00,21,319.7,254,11
1000558,motors,323.28,2025-05-20 12:00:00,120,2025-05-25 12:00:00,19,405.19,227,11
1000559,motors,434.25,2025-05-20 18:00:00,168,2025-05-27 18:00:00,16,517.69,225,11
1000560,home,499.42,2025-05-21 00:00:00,96,2025-05-25 00:00:00,13,593.21,166,5
1000561,home,308.69,2025-05-21 06:00:00,24,2025-05-22 06:00:00,15,377.59,186,10
1000562,home,445.44,2025-05-21 12:00:00,72,2025-05-24 12:00:00,12,527.43,156,9
1000563,motors,454.76,2025-05-21 18:00:00,48,2025-05-23 18:00:00,18,550.82,225,13
1000564,fashion,396.77,2025-05-22 00:00:00,168,2025-05-29 00:00:00,15,471.66,178,11
1000565,fashion,233.16,2025-05-22 06:00:00,48,2025-05-24 06:00:00,16,285.0,198,10
1000566,motors,45.17,2025-05-22 12:00:00,48,2025-05-24 12:00:00,26,57.97,268,16
1000567,toys,12.82,2025-05-22 18:00:00,48,2025-05-24 18:00:00,26,16.98,296,16
1000568,motors,241.21,2025-05-23 00:00:00,96,2025-05-27 00:00:00,18,290.96,215,10
1000569,motors,249.69,2025-05-23 06:00:00,96,2025-05-27 06:00:00,21,318.22,231,12
1000570,electronics,206.64,2025-05-23 12:00:00,168,2025-05-30 12:00:00,18,245.27,235,7
1000571,home,286.24,2025-05-23 18:00:00,72,2025-05-26 18:00:00,18,338.78,206,10
1000572,toys,278.32,2025-05-24 00:00:00,48,2025-05-26 00:00:00,17,347.85,222,10
1000573,motors,419.12,2025-05-24 06:00:00,24,2025-05-25 06:00:00,18,523.71,213,12
1000574,electronics,58.79,2025-05-24 12:00:00,24,2025-05-25 12:00:00,21,75.29,268,11
1000575,home,116.46,2025-05-24 18:00:00,72,2025-05-27 18:00:00,21,149.78,257,12
1000576,fashion,397.54,2025-05-25 00:00:00,168,2025-06-01 00:00:00,14,467.14,173,8
1000577,toys,424.68,2025-05-25 06:00:00,96,2025-05-29 06:00:00,18,510.87,210,12
1000578,electronics,497.44,2025-05-25 12:00:00,168,2025-06-01 12:00:00,12,562.31,175,11
1000579,toys,437.09,2025-05-25 18:00:00,24,2025-05-26 18:00:00,14,515.81,182,11
1000580,home,445.5,2025-05-26 00:00:00,24,2025-05-27 00:00:00,14,515.71,183,10
1000581,home,160.6,2025-05-26 06:00:00,168,2025-06-02 06:00:00,20,204.74,255,9
1000582,fashion,203.82,2025-05-26 12:00:00,24,2025-05-27 12:00:00,18,240.57,213,11
1000583,fashion,137.7,2025-05-26 18:00:00,24,2025-05-27 18:00:00,19,165.44,232,11
1000584,toys,305.12,2025-05-27 00:00:00,72,2025-05-30 00:00:00,21,375.21,260,12
1000585,home,469.71,2025-05-27 06:00:00,168,2025-06-03 06:00:00,14,542.95,195,11
1000586,motors,175.6,2025-05-27 12:00:00,120,2025-06-01 12:00:00,21,215.65,247,16
1000587,electronics,280.72,2025-05-27 18:00:00,24,2025-05-28 18:00:00,13,331.95,173,12
1000588,motors,151.67,2025-05-28 00:00:00,168,2025-06-04 00:00:00,26,195.08,273,13
1000589,electronics,89.05,2025-05-28 06:00:00,168,2025-06-04 06:00:00,18,109.46,209,13
1000590,toys,101.62,2025-05-28 12:00:00,120,2025-06-02 12:00:00,20,129.18,243,14
1000591,home,33.68,2025-05-28 18:00:00,168,2025-06-04 18:00:00,21,42.38,247,11
1000592,home,474.9,2025-05-29 00:00:00,48,2025-05-31 00:00:00,15,572.52,195,12
1000593,electronics,204.43,2025-05-29 06:00:00,168,2025-06-05 06:00:00,13,236.98,189,10
1000594,toys,417.89,2025-05-29 12:00:00,48,2025-05-31 12:00:00,16,490.09,189,8
1000595,electronics,342.26,2025-05-29 18:00:00,120,2025-06-03 18:00:00,14,398.95,183,11
1000596,toys,100.0,2025-05-30 00:00:00,96,2025-06-03 00:00:00,22,129.71,260,14
1000597,toys,91.85,2025-05-30 06:00:00,120,2025-06-04 06:00:00,20,114.79,231,12
1000598,motors,406.93,2025-05-30 12:00:00,96,2025-06-03 12:00:00,17,485.14,230,11
1000599,toys,136.03,2025-05-30 18:00:00,96,2025-06-03 18:00:00,24,173.58,286,12
1000600,home,457.08,2025-05-31 00:00:00,96,2025-06-04 00:00:00,10,533.34,153,10
1000601,toys,74.33,2025-05-31 06:00:00,120,2025-06-05 06:00:00,21,93.91,270,13
1000602,motors,340.47,2025-05-31 12:00:00,120,2025-06-05 12:00:00,22,430.64,240,14
1000603,home,408.16,2025-05-31 18:00:00,24,2025-06-01 18:00:00,16,502.37,203,12
1000604,electronics,121.45,2025-06-01 00:00:00,120,2025-06-06 00:00:00,18,149.84,226,9
1000605,motors,141.72,2025-06-01 06:00:00,96,2025-06-05 06:00:00,25,184.44,274,12
1000606,electronics,482.44,2025-06-01 12:00:00,48,2025-06-03 12:00:00,13,552.48,180,6
1000607,fashion,135.98,2025-06-01 18:00:00,96,2025-06-05 18:00:00,20,164.33,226,14
1000608,home,217.83,2025-06-02 00:00:00,168,2025-06-09 00:00:00,19,276.04,239,10
1000609,electronics,219.1,2025-06-02 06:00:00,168,2025-06-09 06:00:00,19,271.23,243,12
1000610,toys,130.25,2025-06-02 12:00:00,168,2025-06-09 12:00:00,21,161.93,252,14
1000611,electronics,389.02,2025-06-02 18:00:00,72,2025-06-05 18:00:00,11,450.14,136,11
1000612,toys,387.07,2025-06-03 00:00:00,120,2025-06-08 00:00:00,19,462.53,219,10
1000613,toys,192.27,2025-06-03 06:00:00,72,2025-06-06 06:00:00,20,243.37,246,12
1000614,electronics,418.39,2025-06-03 12:00:00,120,2025-06-08 12:00:00,11,471.66,159,13
1000615,electronics,110.47,2025-06-03 18:00:00,96,2025-06-07 18:00:00,19,138.57,198,16
1000616,toys,7.13,2025-06-04 00:00:00,48,2025-06-06 00:00:00,27,9.36,317,17
1000617,fashion,287.73,2025-06-04 06:00:00,48,2025-06-06 06:00:00,18,345.89,223,12
1000618,electronics,497.07,2025-06-04 12:00:00,24,2025-06-05 12:00:00,8,538.04,122,6
1000619,motors,24.13,2025-06-04 18:00:00,24,2025-06-05 18:00:00,26,31.98,305,16
1000620,home,107.96,2025-06-05 00:00:00,72,2025-06-08 00:00:00,21,132.16,240,13
1000621,electronics,261.86,2025-06-05 06:00:00,72,2025-06-08 06:00:00,12,294.37,159,11
1000622,motors,405.92,2025-06-05 12:00:00,24,2025-06-06 12:00:00,16,495.41,208,10
1000623,electronics,49.08,2025-06-05 18:00:00,72,2025-06-08 18:00:00,23,61.74,288,13
1000624,fashion,200.64,2025-06-06 00:00:00,96,2025-06-10 00:00:00,20,247.02,259,13
1000625,motors,374.8,2025-06-06 06:00:00,48,2025-06-08 06:00:00,16,442.18,208,12
1000626,fashion,188.91,2025-06-06 12:00:00,72,2025-06-09 12:00:00,21,241.57,254,14
1000627,fashion,98.47,2025-06-06 18:00:00,72,2025-06-09 18:00:00,23,123.46,276,12
1000628,home,101.77,2025-06-07 00:00:00,96,2025-06-11 00:00:00,18,121.8,206,9
1000629,electronics,207.97,2025-06-07 06:00:00,72,2025-06-10 06:00:00,16,246.39,211,14
1000630,fashion,242.31,2025-06-07 12:00:00,120,2025-06-12 12:00:00,21,297.13,240,18
1000631,motors,431.6,2025-06-07 18:00:00,48,2025-06-09 18:00:00,18,520.26,225,13
1000632,electronics,322.91,2025-06-08 00:00:00,72,2025-06-11 00:00:00,14,370.26,183,8
1000633,motors,346.75,2025-06-08 06:00:00,72,2025-06-11 06:00:00,21,423.97,255,11
1000634,fashion,491.58,2025-06-08 12:00:00,48,2025-06-10 12:00:00,16,586.63,205,12
1000635,fashion,208.86,2025-06-08 18:00:00,120,2025-06-13 18:00:00,17,259.06,176,14
1000636,electronics,204.66,2025-06-09 00:00:00,48,2025-06-11 00:00:00,18,242.44,224,9
1000637,toys,462.06,2025-06-09 06:00:00,48,2025-06-11 06:00:00,18,553.09,229,12
1000638,electronics,126.71,2025-06-09 12:00:00,120,2025-06-14 12:00:00,19,159.99,236,13
1000639,home,366.26,2025-06-09 18:00:00,168,2025-06-16 18:00:00,11,432.63,157,11
1000640,toys,378.51,2025-06-10 00:00:00,120,2025-06-15 00:00:00,18,467.22,241,11
1000641,electronics,53.41,2025-06-10 06:00:00,168,2025-06-17 06:00:00,22,66.19,261,10
1000642,fashion,236.77,2025-06-10 12:00:00,168,2025-06-17 12:00:00,17,284.97,218,13
1000643,fashion,104.28,2025-06-10 18:00:00,72,2025-06-13 18:00:00,18,124.81,234,14
1000644,electronics,96.76,2025-06-11 00:00:00,120,2025-06-16 00:00:00,22,119.04,262,13
1000645,home,234.59,2025-06-11 06:00:00,48,2025-06-13 06:00:00,16,279.26,193,12
1000646,home,148.27,2025-06-11 12:00:00,72,2025-06-14 12:00:00,18,181.79,192,11
1000647,toys,399.05,2025-06-11 18:00:00,96,2025-06-15 18:00:00,17,478.38,207,10
1000648,motors,454.26,2025-06-12 00:00:00,168,2025-06-19 00:00:00,18,558.22,231,14
1000649,motors,402.35,2025-06-12 06:00:00,168,2025-06-19 06:00:00,17,480.29,208,12
1000650,electronics,136.69,2025-06-12 12:00:00,72,2025-06-15 12:00:00,16,162.34,213,12
1000651,electronics,140.7,2025-06-12 18:00:00,96,2025-06-16 18:00:00,19,176.33,232,15
1000652,electronics,131.09,2025-06-13 00:00:00,48,2025-06-15 00:00:00,17,162.59,228,9
1000653,fashion,71.84,2025-06-13 06:00:00,120,2025-06-18 06:00:00,21,88.78,245,12
1000654,electronics,472.18,2025-06-13 12:00:00,96,2025-06-17 12:00:00,11,545.71,164,10
1000655,home,204.01,2025-06-13 18:00:00,96,2025-06-17 18:00:00,18,245.27,228,11
1000656,motors,116.22,2025-06-14 00:00:00,120,2025-06-19 00:00:00,22,142.28,276,15
1000657,motors,424.1,2025-06-14 06:00:00,96,2025-06-18 06:00:00,16,516.99,183,11
1000658,motors,202.6,2025-06-14 12:00:00,24,2025-06-15 12:00:00,24,254.0,270,12
1000659,home,22.38,2025-06-14 18:00:00,48,2025-06-16 18:00:00,20,27.62,250,13
1000660,toys,85.16,2025-06-15 00:00:00,48,2025-06-17 00:00:00,20,105.51,258,13
1000661,toys,321.43,2025-06-15 06:00:00,120,2025-06-20 06:00:00,20,390.46,242,14
1000662,electronics,392.54,2025-06-15 12:00:00,24,2025-06-16 12:00:00,15,454.39,191,12
1000663,fashion,109.41,2025-06-15 18:00:00,48,2025-06-17 18:00:00,19,133.24,240,13
1000664,fashion,459.11,2025-06-16 00:00:00,96,2025-06-20 00:00:00,16,567.54,214,12
1000665,home,426.24,2025-06-16 06:00:00,120,2025-06-21 06:00:00,15,511.15,190,10
1000666,toys,424.95,2025-06-16 12:00:00,96,2025-06-20 12:00:00,15,501.66,198,9
1000667,toys,117.69,2025-06-16 18:00:00,168,2025-06-23 18:00:00,22,143.95,272,14
1000668,fashion,30.02,2025-06-17 00:00:00,168,2025-06-24 00:00:00,25,38.97,307,14
1000669,toys,434.37,2025-06-17 06:00:00,24,2025-06-18 06:00:00,17,511.42,221,15
1000670,toys,156.37,2025-06-17 12:00:00,168,2025-06-24 12:00:00,20,194.43,240,15
1000671,fashion,311.36,2025-06-17 18:00:00,96,2025-06-21 18:00:00,17,383.02,212,13
1000672,home,381.18,2025-06-18 00:00:00,96,2025-06-22 00:00:00,18,462.71,228,13
1000673,toys,68.51,2025-06-18 06:00:00,24,2025-06-19 06:00:00,22,85.22,256,13
1000674,toys,391.51,2025-06-18 12:00:00,96,2025-06-22 12:00:00,15,451.72,197,8
1000675,motors,469.56,2025-06-18 18:00:00,120,2025-06-23 18:00:00,17,550.32,200,11
1000676,electronics,365.55,2025-06-19 00:00:00,96,2025-06-23 00:00:00,13,425.65,192,10
1000677,fashion,223.41,2025-06-19 06:00:00,24,2025-06-20 06:00:00,17,277.18,199,12
1000678,motors,438.96,2025-06-19 12:00:00,96,2025-06-23 12:00:00,16,517.76,198,12
1000679,fashion,266.09,2025-06-19 18:00:00,168,2025-06-26 18:00:00,21,334.19,250,15
1000680,motors,373.66,2025-06-20 00:00:00,120,2025-06-25 00:00:00,19,465.11,254,11
1000681,electronics,411.15,2025-06-20 06:00:00,24,2025-06-21 06:00:00,10,454.27,144,8
1000682,electronics,375.93,2025-06-20 12:00:00,168,2025-06-27 12:00:00,14,433.16,178,13
1000683,toys,147.49,2025-06-20 18:00:00,168,2025-06-27 18:00:00,24,186.8,269,15
1000684,home,63.33,2025-06-21 00:00:00,48,2025-06-23 00:00:00,18,78.12,241,11
1000685,fashion,122.98,2025-06-21 06:00:00,120,2025-06-26 06:00:00,21,153.13,215,13
1000686,fashion,253.92,2025-06-21 12:00:00,72,2025-06-24 12:00:00,20,319.62,227,12
1000687,fashion,255.11,2025-06-21 18:00:00,96,2025-06-25 18:00:00,18,318.74,254,12
1000688,motors,293.41,2025-06-22 00:00:00,72,2025-06-25 00:00:00,17,361.09,220,12
1000689,electronics,200.58,2025-06-22 06:00:00,120,2025-06-27 06:00:00,19,254.61,217,17
1000690,toys,394.51,2025-06-22 12:00:00,168,2025-06-29 12:00:00,18,489.33,221,12
1000691,motors,457.01,2025-06-22 18:00:00,120,2025-06-27 18:00:00,17,565.86,213,13
1000692,toys,127.13,2025-06-23 00:00:00,168,2025-06-30 00:00:00,22,163.56,268,10
1000693,home,369.58,2025-06-23 06:00:00,168,2025-06-30 06:00:00,17,454.0,235,10
1000694,electronics,340.6,2025-06-23 12:00:00,24,2025-06-24 12:00:00,16,416.94,208,14
1000695,toys,263.93,2025-06-23 18:00:00,48,2025-06-25 18:00:00,16,325.89,197,12
1000696,fashion,98.32,2025-06-24 00:00:00,120,2025-06-29 00:00:00,21,122.7,258,4
1000697,electronics,398.64,2025-06-24 06:00:00,96,2025-06-28 06:00:00,15,478.79,186,12
1000698,home,480.51,2025-06-24 12:00:00,24,2025-06-25 12:00:00,10,548.36,137,13
1000699,motors,362.31,2025-06-24 18:00:00,24,2025-06-25 18:00:00,17,448.57,191,7
1000700,home,459.34,2025-06-25 00:00:00,96,2025-06-29 00:00:00,14,539.5,167,13
1000701,electronics,492.17,2025-06-25 06:00:00,96,2025-06-29 06:00:00,10,573.66,139,3
1000702,toys,179.27,2025-06-25 12:00:00,48,2025-06-27 12:00:00,18,223.0,207,14
1000703,electronics,320.92,2025-06-25 18:00:00,48,2025-06-27 18:00:00,14,390.54,189,10
1000704,motors,239.6,2025-06-26 00:00:00,24,2025-06-27 00:00:00,23,299.48,252,9
1000705,motors,493.38,2025-06-26 06:00:00,96,2025-06-30 06:00:00,13,585.53,139,11
1000706,motors,51.43,2025-06-26 12:00:00,24,2025-06-27 12:00:00,23,66.37,254,16
1000707,motors,209.13,2025-06-26 18:00:00,96,2025-06-30 18:00:00,23,272.89,261,14
1000708,home,438.39,2025-06-27 00:00:00,72,2025-06-30 00:00:00,11,518.42,151,11
1000709,home,145.61,2025-06-27 06:00:00,72,2025-06-30 06:00:00,16,175.59,222,10
1000710,home,394.96,2025-06-27 12:00:00,120,2025-07-02 12:00:00,15,472.5,187,7
1000711,fashion,194.48,2025-06-27 18:00:00,96,2025-07-01 18:00:00,21,237.92,259,14
1000712,motors,490.09,2025-06-28 00:00:00,120,2025-07-03 00:00:00,14,596.93,185,14
1000713,toys,442.35,2025-06-28 06:00:00,120,2025-07-03 06:00:00,15,517.73,194,13
1000714,toys,154.15,2025-06-28 12:00:00,168,2025-07-05 12:00:00,23,198.54,256,10
1000715,motors,386.25,2025-06-28 18:00:00,120,2025-07-03 18:00:00,19,484.23,230,9
1000716,toys,171.74,2025-06-29 00:00:00,96,2025-07-03 00:00:00,21,213.87,239,11
1000717,home,305.15,2025-06-29 06:00:00,72,2025-07-02 06:00:00,17,362.18,215,8
1000718,fashion,330.95,2025-06-29 12:00:00,48,2025-07-01 12:00:00,19,398.83,228,12
1000719,fashion,415.65,2025-06-29 18:00:00,96,2025-07-03 18:00:00,13,498.16,165,11
1000720,electronics,17.1,2025-06-30 00:00:00,24,2025-07-01 00:00:00,20,21.22,251,10
1000721,toys,113.98,2025-06-30 06:00:00,168,2025-07-07 06:00:00,26,144.44,299,16
1000722,toys,357.4,2025-06-30 12:00:00,168,2025-07-07 12:00:00,18,442.23,216,13
1000723,toys,283.94,2025-06-30 18:00:00,24,2025-07-01 18:00:00,15,332.21,196,10
1000724,fashion,250.32,2025-07-01 00:00:00,120,2025-07-06 00:00:00,20,317.93,238,12
1000725,toys,32.33,2025-07-01 06:00:00,24,2025-07-02 06:00:00,27,41.86,292,11
1000726,motors,177.4,2025-07-01 12:00:00,120,2025-07-06 12:00:00,21,217.5,249,12
1000727,fashion,433.22,2025-07-01 18:00:00,24,2025-07-02 18:00:00,14,496.81,178,10
1000728,fashion,20.29,2025-07-02 00:00:00,72,2025-07-05 00:00:00,24,25.99,264,14
1000729,electronics,201.24,2025-07-02 06:00:00,96,2025-07-06 06:00:00,14,236.67,166,11
1000730,toys,472.85,2025-07-02 12:00:00,120,2025-07-07 12:00:00,13,562.74,172,11
1000731,motors,30.19,2025-07-02 18:00:00,72,2025-07-05 18:00:00,24,38.56,282,13
1000732,toys,376.1,2025-07-03 00:00:00,168,2025-07-10 00:00:00,18,454.14,213,12
1000733,motors,132.52,2025-07-03 06:00:00,120,2025-07-08 06:00:00,23,165.77,297,16
1000734,motors,433.97,2025-07-03 12:00:00,48,2025-07-05 12:00:00,14,504.38,196,10
1000735,toys,374.3,2025-07-03 18:00:00,120,2025-07-08 18:00:00,18,469.46,237,12
1000736,fashion,443.42,2025-07-04 00:00:00,120,2025-07-09 00:00:00,12,502.49,177,9
1000737,electronics,111.88,2025-07-04 06:00:00,72,2025-07-07 06:00:00,16,138.63,226,10
1000738,electronics,267.99,2025-07-04 12:00:00,120,2025-07-09 12:00:00,16,317.88,194,12
1000739,home,390.74,2025-07-04 18:00:00,168,2025-07-11 18:00:00,17,459.93,182,10
1000740,fashion,126.62,2025-07-05 00:00:00,120,2025-07-10 00:00:00,19,153.2,225,13
1000741,toys,119.22,2025-07-05 06:00:00,120,2025-07-10 06:00:00,22,146.01,264,13
1000742,fashion,18.46,2025-07-05 12:00:00,96,2025-07-09 12:00:00,25,24.24,286,14
1000743,electronics,479.47,2025-07-05 18:00:00,48,2025-07-07 18:00:00,12,556.67,171,9
1000744,home,356.46,2025-07-06 00:00:00,120,2025-07-11 00:00:00,12,408.84,183,9
1000745,motors,319.6,2025-07-06 06:00:00,72,2025-07-09 06:00:00,22,406.84,262,10
1000746,motors,373.28,2025-07-06 12:00:00,96,2025-07-10 12:00:00,19,463.04,240,13
1000747,home,268.15,2025-07-06 18:00:00,48,2025-07-08 18:00:00,16,331.22,192,12
1000748,motors,240.69,2025-07-07 00:00:00,48,2025-07-09 00:00:00,22,312.15,244,15
1000749,toys,227.52,2025-07-07 06:00:00,24,2025-07-08 06:00:00,22,289.96,277,12
1000750,motors,322.02,2025-07-07 12:00:00,168,2025-07-14 12:00:00,19,404.27,232,16
1000751,motors,104.76,2025-07-07 18:00:00,24,2025-07-08 18:00:00,22,134.45,250,12
1000752,toys,444.59,2025-07-08 00:00:00,24,2025-07-09 00:00:00,15,528.75,187,9
1000753,home,406.82,2025-07-08 06:00:00,168,2025-07-15 06:00:00,15,490.77,187,9
1000754,toys,178.03,2025-07-08 12:00:00,96,2025-07-12 12:00:00,19,212.97,222,9
1000755,home,291.41,2025-07-08 18:00:00,72,2025-07-11 18:00:00,15,352.79,179,14
1000756,home,74.81,2025-07-09 00:00:00,120,2025-07-14 00:00:00,23,97.77,248,16
1000757,toys,486.31,2025-07-09 06:00:00,72,2025-07-12 06:00:00,14,557.7,183,12
1000758,fashion,451.93,2025-07-09 12:00:00,24,2025-07-10 12:00:00,11,531.87,151,8
1000759,fashion,461.34,2025-07-09 18:00:00,120,2025-07-14 18:00:00,14,560.36,199,14
1000760,home,169.42,2025-07-10 00:00:00,48,2025-07-12 00:00:00,19,204.68,234,11
1000761,fashion,88.72,2025-07-10 06:00:00,96,2025-07-14 06:00:00,20,110.19,243,12
1000762,electronics,109.83,2025-07-10 12:00:00,168,2025-07-17 12:00:00,17,136.65,204,14
1000763,toys,49.55,2025-07-10 18:00:00,168,2025-07-17 18:00:00,27,66.73,301,16
1000764,fashion,64.45,2025-07-11 00:00:00,72,2025-07-14 00:00:00,20,78.0,244,17
1000765,motors,40.3,2025-07-11 06:00:00,120,2025-07-16 06:00:00,23,50.69,275,14
1000766,fashion,494.96,2025-07-11 12:00:00,96,2025-07-15 12:00:00,16,601.8,202,10
1000767,fashion,41.66,2025-07-11 18:00:00,72,2025-07-14 18:00:00,23,51.98,279,12
1000768,electronics,70.61,2025-07-12 00:00:00,24,2025-07-13 00:00:00,17,84.45,213,8
1000769,electronics,414.49,2025-07-12 06:00:00,72,2025-07-15 06:00:00,11,460.86,168,9
1000770,home,292.22,2025-07-12 12:00:00,96,2025-07-16 12:00:00,18,348.41,216,14
1000771,home,388.34,2025-07-12 18:00:00,168,2025-07-19 18:00:00,14,460.18,164,12
1000772,home,317.3,2025-07-13 00:00:00,24,2025-07-14 00:00:00,14,378.3,189,10
1000773,home,441.68,2025-07-13 06:00:00,120,2025-07-18 06:00:00,16,535.28,212,9
1000774,toys,321.04,2025-07-13 12:00:00,168,2025-07-20 12:00:00,19,402.03,237,13
1000775,electronics,263.45,2025-07-13 18:00:00,168,2025-07-20 18:00:00,13,306.45,182,12
1000776,home,357.81,2025-07-14 00:00:00,72,2025-07-17 00:00:00,13,412.15,172,11
1000777,electronics,226.46,2025-07-14 06:00:00,24,2025-07-15 06:00:00,20,272.03,230,13
1000778,home,176.3,2025-07-14 12:00:00,48,2025-07-16 12:00:00,18,210.95,228,10
1000779,toys,236.49,2025-07-14 18:00:00,168,2025-07-21 18:00:00,18,284.97,227,14
1000780,electronics,89.01,2025-07-15 00:00:00,168,2025-07-22 00:00:00,20,108.08,233,6
1000781,home,399.3,2025-07-15 06:00:00,96,2025-07-19 06:00:00,14,455.85,199,11
1000782,electronics,134.05,2025-07-15 12:00:00,24,2025-07-16 12:00:00,16,157.19,193,16
1000783,motors,81.0,2025-07-15 18:00:00,24,2025-07-16 18:00:00,25,105.57,277,11
1000784,toys,126.94,2025-07-16 00:00:00,72,2025-07-19 00:00:00,26,166.34,313,14
1000785,home,421.82,2025-07-16 06:00:00,96,2025-07-20 06:00:00,12,504.01,178,10
1000786,electronics,168.45,2025-07-16 12:00:00,24,2025-07-17 12:00:00,16,206.16,199,10
1000787,electronics,344.59,2025-07-16 18:00:00,120,2025-07-21 18:00:00,13,405.04,180,12
1000788,fashion,428.92,2025-07-17 00:00:00,96,2025-07-21 00:00:00,14,493.69,187,11
1000789,toys,43.48,2025-07-17 06:00:00,24,2025-07-18 06:00:00,23,55.44,234,14
1000790,fashion,383.69,2025-07-17 12:00:00,24,2025-07-18 12:00:00,16,446.97,193,13
1000791,motors,157.29,2025-07-17 18:00:00,72,2025-07-20 18:00:00,26,203.61,293,15
1000792,home,112.23,2025-07-18 00:00:00,120,2025-07-23 00:00:00,18,135.94,217,18
1000793,home,346.01,2025-07-18 06:00:00,120,2025-07-23 06:00:00,13,402.83,179,10
1000794,fashion,455.35,2025-07-18 12:00:00,72,2025-07-21 12:00:00,16,538.4,217,11
1000795,home,151.03,2025-07-18 18:00:00,48,2025-07-20 18:00:00,21,191.03,245,9
1000796,motors,286.57,2025-07-19 00:00:00,168,2025-07-26 00:00:00,18,357.43,209,11
1000797,electronics,148.47,2025-07-19 06:00:00,72,2025-07-22 06:00:00,15,179.87,198,13
1000798,fashion,279.37,2025-07-19 12:00:00,48,2025-07-21 12:00:00,20,349.27,236,10
1000799,fashion,312.82,2025-07-19 18:00:00,72,2025-07-22 18:00:00,19,385.73,229,8
1000800,electronics,307.12,2025-07-20 00:00:00,24,2025-07-21 00:00:00,11,341.67,155,9
1000801,fashion,313.66,2025-07-20 06:00:00,48,2025-07-22 06:00:00,19,391.4,257,15
1000802,fashion,71.86,2025-07-20 12:00:00,96,2025-07-24 12:00:00,24,92.24,249,14
1000803,home,348.3,2025-07-20 18:00:00,168,2025-07-27 18:00:00,14,404.61,181,10
1000804,electronics,339.0,2025-07-21 00:00:00,120,2025-07-26 00:00:00,14,395.35,185,7
1000805,electronics,342.88,2025-07-21 06:00:00,120,2025-07-26 06:00:00,15,419.98,185,12
1000806,electronics,41.66,2025-07-21 12:00:00,96,2025-07-25 12:00:00,18,51.24,232,13
1000807,fashion,226.19,2025-07-21 18:00:00,24,2025-07-22 18:00:00,16,270.99,213,8
1000808,electronics,207.47,2025-07-22 00:00:00,72,2025-07-25 00:00:00,19,257.2,230,14
1000809,motors,47.92,2025-07-22 06:00:00,168,2025-07-29 06:00:00,26,61.97,290,16
1000810,home,115.07,2025-07-22 12:00:00,24,2025-07-23 12:00:00,17,138.96,211,14
1000811,toys,223.28,2025-07-22 18:00:00,168,2025-07-29 18:00:00,17,266.42,211,13
1000812,toys,372.74,2025-07-23 00:00:00,120,2025-07-28 00:00:00,21,464.13,248,14
1000813,fashion,122.35,2025-07-23 06:00:00,48,2025-07-25 06:00:00,21,154.75,246,14
1000814,motors,415.73,2025-07-23 12:00:00,120,2025-07-28 12:00:00,16,483.58,207,13
1000815,electronics,275.17,2025-07-23 18:00:00,168,2025-07-30 18:00:00,16,336.7,213,7
1000816,home,381.41,2025-07-24 00:00:00,24,2025-07-25 00:00:00,16,451.07,189,8
1000817,home,238.92,2025-07-24 06:00:00,24,2025-07-25 06:00:00,15,287.8,182,9
1000818,electronics,252.1,2025-07-24 12:00:00,96,2025-07-28 12:00:00,14,300.36,165,10
1000819,home,311.76,2025-07-24 18:00:00,168,2025-07-31 18:00:00,17,381.04,223,12
1000820,home,464.35,2025-07-25 00:00:00,24,2025-07-26 00:00:00,14,551.95,189,11
1000821,toys,248.45,2025-07-25 06:00:00,96,2025-07-29 06:00:00,18,312.23,228,14
1000822,home,266.69,2025-07-25 12:00:00,24,2025-07-26 12:00:00,17,322.87,195,14
1000823,motors,302.99,2025-07-25 18:00:00,96,2025-07-29 18:00:00,22,387.4,279,11
1000824,toys,370.07,2025-07-26 00:00:00,96,2025-07-30 00:00:00,14,442.77,178,11
1000825,motors,40.57,2025-07-26 06:00:00,24,2025-07-27 06:00:00,26,51.89,296,13
1000826,electronics,260.27,2025-07-26 12:00:00,120,2025-07-31 12:00:00,17,310.41,223,11
1000827,motors,243.39,2025-07-26 18:00:00,168,2025-08-02 18:00:00,22,305.19,246,14
1000828,toys,461.23,2025-07-27 00:00:00,168,2025-08-03 00:00:00,15,540.66,188,4
1000829,motors,249.29,2025-07-27 06:00:00,24,2025-07-28 06:00:00,23,313.94,269,18
1000830,home,236.82,2025-07-27 12:00:00,48,2025-07-29 12:00:00,19,289.22,265,13
1000831,motors,481.29,2025-07-27 18:00:00,48,2025-07-29 18:00:00,15,576.73,198,10
1000832,fashion,228.04,2025-07-28 00:00:00,72,2025-07-31 00:00:00,19,275.38,250,16
1000833,electronics,94.54,2025-07-28 06:00:00,24,2025-07-29 06:00:00,20,119.53,254,12
1000834,fashion,112.37,2025-07-28 12:00:00,168,2025-08-04 12:00:00,21,139.9,253,13
1000835,electronics,52.12,2025-07-28 18:00:00,120,2025-08-02 18:00:00,19,64.97,219,11
1000836,motors,5.28,2025-07-29 00:00:00,120,2025-08-03 00:00:00,28,6.79,324,19
1000837,home,218.81,2025-07-29 06:00:00,48,2025-07-31 06:00:00,18,266.42,204,12
1000838,home,385.78,2025-07-29 12:00:00,24,2025-07-30 12:00:00,12,432.94,187,10
1000839,fashion,368.07,2025-07-29 18:00:00,168,2025-08-05 18:00:00,16,446.86,206,14
1000840,fashion,20.91,2025-07-30 00:00:00,48,2025-08-01 00:00:00,26,26.92,262,16
1000841,electronics,287.14,2025-07-30 06:00:00,96,2025-08-03 06:00:00,15,352.02,190,11
1000842,motors,81.37,2025-07-30 12:00:00,168,2025-08-06 12:00:00,22,101.38,265,15
1000843,motors,470.83,2025-07-30 18:00:00,24,2025-07-31 18:00:00,18,576.82,219,17
1000844,toys,87.85,2025-07-31 00:00:00,24,2025-08-01 00:00:00,23,109.86,275,14
1000845,toys,315.19,2025-07-31 06:00:00,24,2025-08-01 06:00:00,16,381.26,193,11
1000846,fashion,166.49,2025-07-31 12:00:00,24,2025-08-01 12:00:00,20,206.01,224,13
1000847,fashion,322.57,2025-07-31 18:00:00,24,2025-08-01 18:00:00,20,396.65,239,15
1000848,fashion,209.07,2025-08-01 00:00:00,120,2025-08-06 00:00:00,17,248.02,213,10
1000849,electronics,381.02,2025-08-01 06:00:00,96,2025-08-05 06:00:00,10,422.52,145,8
1000850,electronics,119.19,2025-08-01 12:00:00,168,2025-08-08 12:00:00,19,142.98,245,9
1000851,home,453.37,2025-08-01 18:00:00,120,2025-08-06 18:00:00,16,562.14,193,9
1000852,fashion,252.6,2025-08-02 00:00:00,168,2025-08-09 00:00:00,14,296.3,189,9
1000853,electronics,379.27,2025-08-02 06:00:00,48,2025-08-04 06:00:00,13,428.63,177,10
1000854,electronics,425.62,2025-08-02 12:00:00,48,2025-08-04 12:00:00,13,513.4,158,14
1000855,motors,499.42,2025-08-02 18:00:00,168,2025-08-09 18:00:00,16,580.13,188,12
1000856,home,115.85,2025-08-03 00:00:00,48,2025-08-05 00:00:00,17,139.42,213,10
1000857,fashion,147.01,2025-08-03 06:00:00,24,2025-08-04 06:00:00,21,186.32,272,11
1000858,fashion,128.96,2025-08-03 12:00:00,120,2025-08-08 12:00:00,22,166.77,264,16
1000859,toys,135.12,2025-08-03 18:00:00,120,2025-08-08 18:00:00,21,171.2,228,15
1000860,toys,293.31,2025-08-04 00:00:00,168,2025-08-11 00:00:00,18,356.98,184,12
1000861,home,496.79,2025-08-04 06:00:00,168,2025-08-11 06:00:00,13,600.1,185,9
1000862,motors,495.19,2025-08-04 12:00:00,24,2025-08-05 12:00:00,17,580.93,211,14
1000863,home,265.75,2025-08-04 18:00:00,120,2025-08-09 18:00:00,15,326.59,208,9
1000864,motors,321.32,2025-08-05 00:00:00,168,2025-08-12 00:00:00,22,413.84,247,14
1000865,fashion,430.69,2025-08-05 06:00:00,120,2025-08-10 06:00:00,14,522.99,190,15
1000866,electronics,466.8,2025-08-05 12:00:00,120,2025-08-10 12:00:00,10,522.99,160,9
1000867,toys,105.91,2025-08-05 18:00:00,168,2025-08-12 18:00:00,22,130.42,252,12
1000868,electronics,266.63,2025-08-06 00:00:00,72,2025-08-09 00:00:00,16,323.44,198,12
1000869,toys,417.25,2025-08-06 06:00:00,24,2025-08-07 06:00:00,16,501.23,204,10
1000870,electronics,155.09,2025-08-06 12:00:00,72,2025-08-09 12:00:00,15,184.84,201,8
1000871,home,222.71,2025-08-06 18:00:00,48,2025-08-08 18:00:00,20,283.73,239,14
1000872,toys,492.88,2025-08-07 00:00:00,24,2025-08-08 00:00:00,18,606.05,233,14
1000873,motors,492.6,2025-08-07 06:00:00,24,2025-08-08 06:00:00,13,568.9,171,9
1000874,fashion,453.52,2025-08-07 12:00:00,120,2025-08-12 12:00:00,16,540.6,188,10
1000875,electronics,400.23,2025-08-07 18:00:00,96,2025-08-11 18:00:00,13,456.53,200,8
1000876,home,138.22,2025-08-08 00:00:00,96,2025-08-12 00:00:00,19,166.61,223,12
1000877,motors,163.82,2025-08-08 06:00:00,120,2025-08-13 06:00:00,22,201.74,251,12
1000878,toys,275.91,2025-08-08 12:00:00,96,2025-08-12 12:00:00,19,346.22,230,10
1000879,electronics,282.58,2025-08-08 18:00:00,96,2025-08-12 18:00:00,17,346.55,213,15
1000880,home,255.22,2025-08-09 00:00:00,24,2025-08-10 00:00:00,14,301.78,181,11
1000881,home,320.15,2025-08-09 06:00:00,168,2025-08-16 06:00:00,15,377.76,194,12
1000882,electronics,207.12,2025-08-09 12:00:00,72,2025-08-12 12:00:00,19,257.55,230,14
1000883,motors,375.84,2025-08-09 18:00:00,24,2025-08-10 18:00:00,20,475.45,242,14
1000884,toys,170.11,2025-08-10 00:00:00,120,2025-08-15 00:00:00,20,216.12,211,12
1000885,electronics,168.69,2025-08-10 06:00:00,120,2025-08-15 06:00:00,18,206.44,244,12
1000886,toys,67.98,2025-08-10 12:00:00,24,2025-08-11 12:00:00,26,90.11,292,14
1000887,fashion,98.41,2025-08-10 18:00:00,48,2025-08-12 18:00:00,20,122.12,246,13
1000888,electronics,426.01,2025-08-11 00:00:00,24,2025-08-12 00:00:00,13,497.56,160,11
1000889,fashion,225.91,2025-08-11 06:00:00,48,2025-08-13 06:00:00,20,286.73,234,12
1000890,electronics,117.79,2025-08-11 12:00:00,24,2025-08-12 12:00:00,17,141.46,204,9
1000891,home,380.87,2025-08-11 18:00:00,120,2025-08-16 18:00:00,11,434.83,176,10
1000892,motors,279.22,2025-08-12 00:00:00,96,2025-08-16 00:00:00,22,347.46,250,13
1000893,toys,15.47,2025-08-12 06:00:00,168,2025-08-19 06:00:00,26,20.13,303,11
1000894,electronics,161.6,2025-08-12 12:00:00,120,2025-08-17 12:00:00,16,194.5,196,12
1000895,motors,92.62,2025-08-12 18:00:00,96,2025-08-16 18:00:00,23,118.82,261,15
1000896,fashion,329.66,2025-08-13 00:00:00,96,2025-08-17 00:00:00,20,406.95,237,18
1000897,motors,141.14,2025-08-13 06:00:00,24,2025-08-14 06:00:00,24,177.47,291,13
1000898,toys,37.15,2025-08-13 12:00:00,24,2025-08-14 12:00:00,22,47.9,235,12
1000899,home,32.19,2025-08-13 18:00:00,96,2025-08-17 18:00:00,21,39.84,233,11
1000900,fashion,292.96,2025-08-14 00:00:00,24,2025-08-15 00:00:00,20,373.18,216,13
1000901,fashion,15.75,2025-08-14 06:00:00,24,2025-08-15 06:00:00,21,19.32,235,13
1000902,toys,425.15,2025-08-14 12:00:00,48,2025-08-16 12:00:00,15,507.97,185,9
1000903,home,81.92,2025-08-14 18:00:00,168,2025-08-21 18:00:00,22,103.46,238,13
1000904,home,305.25,2025-08-15 00:00:00,72,2025-08-18 00:00:00,14,368.22,177,6
1000905,home,225.12,2025-08-15 06:00:00,120,2025-08-20 06:00:00,14,259.14,161,12
1000906,home,224.21,2025-08-15 12:00:00,72,2025-08-18 12:00:00,19,283.13,218,11
1000907,electronics,40.54,2025-08-15 18:00:00,48,2025-08-17 18:00:00,21,50.78,263,13
1000908,electronics,402.36,2025-08-16 00:00:00,72,2025-08-19 00:00:00,13,473.53,181,7
1000909,motors,447.06,2025-08-16 06:00:00,24,2025-08-17 06:00:00,15,532.36,197,10
1000910,electronics,10.45,2025-08-16 12:00:00,120,2025-08-21 12:00:00,21,12.67,236,12
1000911,motors,93.41,2025-08-16 18:00:00,48,2025-08-18 18:00:00,25,120.48,266,14
1000912,electronics,452.43,2025-08-17 00:00:00,72,2025-08-20 00:00:00,11,511.74,145,10
1000913,toys,277.0,2025-08-17 06:00:00,168,2025-08-24 06:00:00,20,339.99,239,15
1000914,home,79.27,2025-08-17 12:00:00,96,2025-08-21 12:00:00,23,101.62,277,15
1000915,fashion,105.38,2025-08-17 18:00:00,72,2025-08-20 18:00:00,18,128.54,232,14
1000916,home,331.69,2025-08-18 00:00:00,96,2025-08-22 00:00:00,14,380.6,193,13
1000917,fashion,363.78,2025-08-18 06:00:00,120,2025-08-23 06:00:00,17,427.75,204,13
1000918,fashion,301.72,2025-08-18 12:00:00,48,2025-08-20 12:00:00,15,351.46,195,11
1000919,fashion,476.81,2025-08-18 18:00:00,96,2025-08-22 18:00:00,12,541.31,164,12
1000920,home,249.56,2025-08-19 00:00:00,168,2025-08-26 00:00:00,16,301.63,201,13
1000921,fashion,153.63,2025-08-19 06:00:00,96,2025-08-23 06:00:00,20,186.54,264,14
1000922,motors,241.23,2025-08-19 12:00:00,72,2025-08-22 12:00:00,19,304.08,209,9
1000923,fashion,183.03,2025-08-19 18:00:00,24,2025-08-20 18:00:00,17,217.22,210,10
1000924,home,116.09,2025-08-20 00:00:00,48,2025-08-22 00:00:00,22,142.48,272,13
1000925,electronics,27.75,2025-08-20 06:00:00,168,2025-08-27 06:00:00,20,35.24,222,14
1000926,home,179.35,2025-08-20 12:00:00,96,2025-08-24 12:00:00,17,214.08,205,11
1000927,electronics,357.15,2025-08-20 18:00:00,48,2025-08-22 18:00:00,14,419.31,179,13
1000928,electronics,14.13,2025-08-21 00:00:00,72,2025-08-24 00:00:00,22,18.32,255,16
1000929,motors,222.39,2025-08-21 06:00:00,96,2025-08-25 06:00:00,20,283.67,220,15
1000930,electronics,323.78,2025-08-21 12:00:00,96,2025-08-25 12:00:00,13,384.39,184,12
1000931,fashion,307.15,2025-08-21 18:00:00,120,2025-08-26 18:00:00,20,370.27,247,10
1000932,motors,389.44,2025-08-22 00:00:00,48,2025-08-24 00:00:00,17,474.13,219,12
1000933,motors,406.21,2025-08-22 06:00:00,96,2025-08-26 06:00:00,15,499.28,184,10
1000934,electronics,357.29,2025-08-22 12:00:00,72,2025-08-25 12:00:00,14,434.38,187,7
1000935,electronics,55.88,2025-08-22 18:00:00,168,2025-08-29 18:00:00,20,67.53,229,12
1000936,home,240.14,2025-08-23 00:00:00,24,2025-08-24 00:00:00,15,283.77,191,13
1000937,fashion,303.69,2025-08-23 06:00:00,24,2025-08-24 06:00:00,17,362.98,238,12
1000938,motors,126.56,2025-08-23 12:00:00,72,2025-08-26 12:00:00,25,159.51,286,18
1000939,home,26.06,2025-08-23 18:00:00,96,2025-08-27 18:00:00,21,32.98,234,13
1000940,electronics,115.68,2025-08-24 00:00:00,120,2025-08-29 00:00:00,15,135.57,197,16
1000941,home,230.17,2025-08-24 06:00:00,72,2025-08-27 06:00:00,20,282.55,223,13
1000942,motors,209.9,2025-08-24 12:00:00,168,2025-08-31 12:00:00,24,261.79,261,14
1000943,electronics,92.45,2025-08-24 18:00:00,72,2025-08-27 18:00:00,16,110.92,191,9
1000944,home,413.09,2025-08-25 00:00:00,24,2025-08-26 00:00:00,14,476.15,180,13
1000945,electronics,463.21,2025-08-25 06:00:00,24,2025-08-26 06:00:00,13,539.44,188,9
1000946,electronics,104.67,2025-08-25 12:00:00,168,2025-09-01 12:00:00,17,123.66,219,10
1000947,motors,465.14,2025-08-25 18:00:00,24,2025-08-26 18:00:00,16,575.06,210,14
1000948,electronics,13.84,2025-08-26 00:00:00,168,2025-09-02 00:00:00,21,16.91,235,15
1000949,home,462.86,2025-08-26 06:00:00,48,2025-08-28 06:00:00,14,546.99,179,13
1000950,motors,476.2,2025-08-26 12:00:00,24,2025-08-27 12:00:00,15,555.13,198,10
1000951,toys,10.97,2025-08-26 18:00:00,48,2025-08-28 18:00:00,24,13.67,268,14
1000952,electronics,382.69,2025-08-27 00:00:00,96,2025-08-31 00:00:00,15,446.29,191,11
1000953,fashion,485.25,2025-08-27 06:00:00,72,2025-08-30 06:00:00,12,545.61,173,11
1000954,motors,453.42,2025-08-27 12:00:00,120,2025-09-01 12:00:00,15,526.49,190,14
1000955,fashion,485.5,2025-08-27 18:00:00,96,2025-08-31 18:00:00,13,567.78,179,11
1000956,fashion,277.41,2025-08-28 00:00:00,72,2025-08-31 00:00:00,20,347.36,259,16
1000957,fashion,43.69,2025-08-28 06:00:00,96,2025-09-01 06:00:00,20,52.73,237,14
1000958,toys,425.65,2025-08-28 12:00:00,168,2025-09-04 12:00:00,13,496.0,191,10
1000959,electronics,308.84,2025-08-28 18:00:00,72,2025-08-31 18:00:00,17,375.7,219,13
1000960,motors,309.29,2025-08-29 00:00:00,24,2025-08-30 00:00:00,21,380.04,231,16
1000961,motors,211.54,2025-08-29 06:00:00,72,2025-09-01 06:00:00,21,262.26,235,17
1000962,electronics,288.06,2025-08-29 12:00:00,168,2025-09-05 12:00:00,17,338.69,202,14
1000963,motors,81.02,2025-08-29 18:00:00,48,2025-08-31 18:00:00,25,102.7,274,14
1000964,motors,371.19,2025-08-30 00:00:00,168,2025-09-06 00:00:00,17,448.15,211,11
1000965,toys,42.13,2025-08-30 06:00:00,96,2025-09-03 06:00:00,23,55.16,274,15
1000966,home,366.24,2025-08-30 12:00:00,96,2025-09-03 12:00:00,17,457.69,228,15
1000967,fashion,425.24,2025-08-30 18:00:00,48,2025-09-01 18:00:00,14,518.1,189,11
1000968,motors,238.87,2025-08-31 00:00:00,168,2025-09-07 00:00:00,19,292.34,225,13
1000969,electronics,257.37,2025-08-31 06:00:00,24,2025-09-01 06:00:00,16,300.21,179,11
1000970,motors,159.55,2025-08-31 12:00:00,48,2025-09-02 12:00:00,25,203.57,285,14
1000971,motors,484.88,2025-08-31 18:00:00,72,2025-09-03 18:00:00,16,571.68,204,11
1000972,toys,367.9,2025-09-01 00:00:00,72,2025-09-04 00:00:00,18,434.54,224,12
1000973,home,187.65,2025-09-01 06:00:00,72,2025-09-04 06:00:00,19,224.73,256,16
1000974,fashion,91.53,2025-09-01 12:00:00,24,2025-09-02 12:00:00,21,114.07,263,12
1000975,electronics,113.69,2025-09-01 18:00:00,48,2025-09-03 18:00:00,15,133.83,204,11
1000976,motors,234.64,2025-09-02 00:00:00,24,2025-09-03 00:00:00,24,294.34,264,12
1000977,home,471.57,2025-09-02 06:00:00,96,2025-09-06 06:00:00,15,569.32,188,12
1000978,electronics,368.4,2025-09-02 12:00:00,72,2025-09-05 12:00:00,12,423.13,166,12
1000979,toys,111.55,2025-09-02 18:00:00,96,2025-09-06 18:00:00,20,141.46,230,16
1000980,toys,430.48,2025-09-03 00:00:00,96,2025-09-07 00:00:00,15,503.35,201,11
1000981,toys,192.21,2025-09-03 06:00:00,120,2025-09-08 06:00:00,18,235.09,226,13
1000982,electronics,426.6,2025-09-03 12:00:00,96,2025-09-07 12:00:00,11,479.81,145,9
1000983,toys,124.64,2025-09-03 18:00:00,96,2025-09-07 18:00:00,22,157.0,272,14
1000984,toys,311.24,2025-09-04 00:00:00,96,2025-09-08 00:00:00,19,374.17,232,13
1000985,toys,463.7,2025-09-04 06:00:00,96,2025-09-08 06:00:00,15,539.25,174,11
1000986,motors,132.66,2025-09-04 12:00:00,96,2025-09-08 12:00:00,24,171.0,275,14
1000987,home,348.0,2025-09-04 18:00:00,48,2025-09-06 18:00:00,17,414.5,216,12
1000988,home,493.72,2025-09-05 00:00:00,48,2025-09-07 00:00:00,11,554.84,170,9
1000989,motors,79.55,2025-09-05 06:00:00,120,2025-09-10 06:00:00,22,102.97,253,13
1000990,fashion,48.76,2025-09-05 12:00:00,72,2025-09-08 12:00:00,23,60.14,276,17
1000991,fashion,338.73,2025-09-05 18:00:00,96,2025-09-09 18:00:00,20,421.79,242,18
1000992,home,173.17,2025-09-06 00:00:00,48,2025-09-08 00:00:00,17,210.2,197,9
1000993,toys,40.27,2025-09-06 06:00:00,72,2025-09-09 06:00:00,24,50.74,259,11
1000994,toys,240.28,2025-09-06 12:00:00,96,2025-09-10 12:00:00,23,304.25,280,12
1000995,electronics,378.12,2025-09-06 18:00:00,96,2025-09-10 18:00:00,12,426.15,182,9
1000996,fashion,146.14,2025-09-07 00:00:00,96,2025-09-11 00:00:00,19,182.34,234,14
1000997,motors,170.85,2025-09-07 06:00:00,72,2025-09-10 06:00:00,24,214.88,293,15
1000998,home,423.62,2025-09-07 12:00:00,168,2025-09-14 12:00:00,13,485.24,189,10
1000999,home,262.44,2025-09-07 18:00:00,96,2025-09-11 18:00:00,13,303.17,185,11
